"unique_row","study_ID","long_cite","short_cite","peer_reviewed","coder","expt_num","expt_condition","same_infant","response_mode","exposure_phase","method","dependent_measure","participant_design","native_lang","infant_type","group_name_1","group_name_2","n_1","n_2","mean_age_1","mean_age_2","x_1","x_2","SD_1","SD_2","t","F","r","d","d_var","corr","test_lang","stimuli_link","data_link","age_range_1","age_range_2","n_excluded_1","n_excluded_2","gender_1","gender_2","num_trials","special_cases_measures","x_dif","SD_dif","contrast_sampa","audio_condition","speaker","speech_type","object_stimulus","cue_type","N_AFC","mean_comprehension_vocab","mean_production_vocab","pointing_modality","motive","correlation_type","condition_type","stimulus_naturalness","contrast_pseudoIPA","sampa_comments","counterbalanced","backness","height","nasality","roundness","tenseness","length","F1_1","F2_1","F1_2","F2_2","duration_word_1","duration_word_2","duration_vowel_1","duration_vowel_2","peripherality","Linguistic","words_to_passage","edge_alignment","familiarization_voice","familiarization_register","familiarization_affect","test_voice","test_register","indexical","rule.type","repetitions","types","tokens","expt_condition2","word_round","word_spiky","multiple_age_groups_younger_older","replication","native","label_present","instruction_code","taxonomic_type","tokens_per_trial","word_types_per_cond","publication_type","main_or_baseline_study","Modality","Semantics","TrainingRule","Speech","Nonspeech","CorrectPronunciation","Mispronunciation","is_correct","n_feature","type_feature","mispron_location","scenarios","Hamlin_Lab","stimuli_type","minimal_pairs","cues_present","word_typicality","ME_trial_type","corr_imputed","dataset","short_name","domain","d_calc","d_var_calc","g_calc","g_var_calc","r_calc","r_var_calc","z_calc","z_var_calc","log_odds_calc","log_odds_var_calc","es_method","mean_age","n","same_infant_calc","all_mod","mean_age_months","year"
"1","smith2008","Smith, L., & Yu, C. (2008). Infants rapidly learn word-referent mappings via cross-situational statistics. Cognition, 106(3), 1558–1568. https://doi.org/10.1016/j.cognition.2007.06.010","Smith & Yu (2008)","yes","Rodrigo Dal Ben",1,"12_months","1","eye-tracking","familiarization","looking while listening","looking_time","within_two","american_english","typical","smith2008_12m_target","smith2008_12m_distractor",28,NA,372.28,NA,3.1824,2.4,0.512,0.512,NA,35.32,NA,NA,NA,NA,"artificial",NA,NA,53.88,NA,1,NA,0.5357142857,NA,12,NA,NA,NA,NA,NA,NA,NA,NA,NA,NA,NA,NA,NA,NA,NA,NA,NA,NA,NA,NA,NA,NA,NA,NA,NA,NA,NA,NA,NA,NA,NA,NA,NA,NA,NA,NA,NA,NA,NA,NA,NA,NA,NA,NA,NA,NA,NA,NA,NA,NA,NA,NA,NA,NA,NA,NA,NA,NA,NA,NA,NA,NA,NA,NA,NA,NA,NA,NA,NA,NA,NA,NA,NA,NA,NA,NA,NA,NA,NA,NA,"Cross-situational word learning","CrossSituational","early_language",1.528125,0.0774136788504464,1.48404447115385,0.0730119210385913,0.60712746628878,0.00487151101004537,0.704359232221294,0.04,2.77171215347041,0.254680795162295,"special_case",372.28,28,"smith2008 1","",12.2312162467402,"2008"
"2","smith2008","Smith, L., & Yu, C. (2008). Infants rapidly learn word-referent mappings via cross-situational statistics. Cognition, 106(3), 1558–1568. https://doi.org/10.1016/j.cognition.2007.06.010","Smith & Yu (2008)","yes","Rodrigo Dal Ben",1,"14_months","2","eye-tracking","familiarization","looking while listening","looking_time","within_two","american_english","typical","smith2008_14m_target","smith2008_14m_distractor",27,NA,428.16,NA,3.5956,2.4879,0.913,1.096,NA,NA,NA,NA,NA,NA,"artificial",NA,NA,42.44,NA,1,NA,0.4814814815,NA,12,NA,NA,NA,NA,NA,NA,NA,NA,NA,NA,NA,NA,NA,NA,NA,NA,NA,NA,NA,NA,NA,NA,NA,NA,NA,NA,NA,NA,NA,NA,NA,NA,NA,NA,NA,NA,NA,NA,NA,NA,NA,NA,NA,NA,NA,NA,NA,NA,NA,NA,NA,NA,NA,NA,NA,NA,NA,NA,NA,NA,NA,NA,NA,NA,NA,NA,NA,NA,NA,NA,NA,NA,NA,NA,NA,NA,NA,NA,NA,NA,"Cross-situational word learning","CrossSituational","early_language",1.09819102428815,0.0593708060338343,1.0652452935595,0.0558619913972347,0.481309935394275,0.00673247188877536,0.524687770008931,0.0416666666666667,1.99189818166157,0.195322122842585,"special_case",428.16,27,"smith2008 2","",14.0671471693464,"2008"
"3","yu2011","Yu, C., & Smith, L. B. (2011). What you learn is what you see: using eye movements to study infant cross-situational word learning. Developmental Science, 14(2), 165–180. https://doi.org/10.1111/j.1467-7687.2010.00958.x","Yu & Smith (2011)","yes","Rodrigo Dal Ben",1,"experimental","3","eye-tracking","familiarization","looking while listening","looking_time","within_two","american_english","typical","yu2011_target","yu2011_distractor",18,NA,432.248,NA,3.25,2.67,0.49,0.38,5.26,NA,NA,NA,NA,NA,"artificial",NA,NA,NA,NA,14,NA,0.4444444444,NA,12,NA,NA,NA,NA,NA,NA,NA,NA,NA,NA,NA,NA,NA,NA,NA,NA,NA,NA,NA,NA,NA,NA,NA,NA,NA,NA,NA,NA,NA,NA,NA,NA,NA,NA,NA,NA,NA,NA,NA,NA,NA,NA,NA,NA,NA,NA,NA,NA,NA,NA,NA,NA,NA,NA,NA,NA,NA,NA,NA,NA,NA,NA,NA,NA,NA,NA,NA,NA,NA,NA,NA,NA,NA,NA,NA,NA,NA,NA,NA,NA,"Cross-situational word learning","CrossSituational","early_language",1.322801928288,0.110294219950221,1.2607955878995,0.10019648252802,0.551655895032705,0.0092835354651794,0.62075846500681,0.0666666666666667,2.39929729653657,0.362853439545138,"group_means_two",432.248,18,"yu2011 3","",14.2014579354812,"2011"
"4","scott2012","Scott, R. M., & Fisher, C. (2012). 2.5-Year-olds use cross-situational consistency to learn verbs under referential uncertainty. Cognition, 122(2), 163–180. https://doi.org/10.1016/j.cognition.2011.10.010","Scott & Fisher (2012)","yes","Rodrigo Dal Ben",1,"intransitive_verbs","4","eye-tracking","test_only","looking while listening","looking_time","within_two","american_english","typical","scott2012_target","scott2012_distractor",36,NA,949.728,NA,1.28,1.08,0.22,0.22,NA,7.75,NA,NA,NA,NA,"artificial",NA,NA,91.32,NA,4,NA,0.5,NA,12,NA,NA,NA,NA,NA,NA,NA,NA,NA,NA,NA,NA,NA,NA,NA,NA,NA,NA,NA,NA,NA,NA,NA,NA,NA,NA,NA,NA,NA,NA,NA,NA,NA,NA,NA,NA,NA,NA,NA,NA,NA,NA,NA,NA,NA,NA,NA,NA,NA,NA,NA,NA,NA,NA,NA,NA,NA,NA,NA,NA,NA,NA,NA,NA,NA,NA,NA,NA,NA,NA,NA,NA,NA,NA,NA,NA,NA,NA,NA,NA,"Cross-situational word learning","CrossSituational","early_language",0.909090909090909,0.0392561983471074,0.88903743315508,0.0375434089836712,0.413802944301184,0.00558657703262325,0.440191235352683,0.0303030303030303,1.6489085129402,0.129147715992216,"special_case",949.728,36,"scott2012 4","",31.2032033511982,"2012"
"5","scott2012","Scott, R. M., & Fisher, C. (2012). 2.5-Year-olds use cross-situational consistency to learn verbs under referential uncertainty. Cognition, 122(2), 163–180. https://doi.org/10.1016/j.cognition.2011.10.011","Scott & Fisher (2012)","yes","Rodrigo Dal Ben",2,"transitive_verbs_high_vocab","5","eye-tracking","test_only","looking while listening","looking_time","within_two","american_english","typical","scott2012_high_vocab_target","scott2012_high_vocab_distractor",18,NA,940.596,NA,1.36,1.08,0.18,0.15,NA,18.97,0.38,NA,NA,NA,"artificial",NA,NA,97.408,NA,1.5,NA,0.5,NA,12,NA,NA,NA,NA,NA,NA,NA,NA,NA,NA,NA,NA,NA,NA,NA,NA,NA,NA,NA,NA,NA,NA,NA,NA,NA,NA,NA,NA,NA,NA,NA,NA,NA,NA,NA,NA,NA,NA,NA,NA,NA,NA,NA,NA,NA,NA,NA,NA,NA,NA,NA,NA,NA,NA,NA,NA,NA,NA,NA,NA,NA,NA,NA,NA,NA,NA,NA,NA,NA,NA,NA,NA,NA,NA,NA,NA,NA,NA,NA,NA,"Cross-situational word learning","CrossSituational","early_language",1.69000059279368,0.134891722323416,1.61078181500648,0.122542016300154,0.645428623780604,0.00669689472050374,0.767423260883746,0.0666666666666667,3.06532200076463,0.443775978771238,"special_case",940.596,18,"scott2012 5","",30.9031725497443,"2012"
"6","scott2012","Scott, R. M., & Fisher, C. (2012). 2.5-Year-olds use cross-situational consistency to learn verbs under referential uncertainty. Cognition, 122(2), 163–180. https://doi.org/10.1016/j.cognition.2011.10.012","Scott & Fisher (2012)","yes","Rodrigo Dal Ben",2,"transitive_verbs_low_vocab","6","eye-tracking","test_only","looking while listening","looking_time","within_two","american_english","typical","scott2012_low_vocab_target","scott2012_low_vocab_distractor",18,NA,940.596,NA,1.19,1.25,0.2,0.17,NA,NA,NA,NA,NA,NA,"artificial",NA,NA,97.408,NA,1.5,NA,0.5,NA,12,NA,NA,NA,NA,NA,NA,NA,NA,NA,NA,NA,NA,NA,NA,NA,NA,NA,NA,NA,NA,NA,NA,NA,NA,NA,NA,NA,NA,NA,NA,NA,NA,NA,NA,NA,NA,NA,NA,NA,NA,NA,NA,NA,NA,NA,NA,NA,NA,NA,NA,NA,NA,NA,NA,NA,NA,NA,NA,NA,NA,NA,NA,NA,NA,NA,NA,NA,NA,NA,NA,NA,NA,NA,NA,NA,NA,NA,NA,NA,NA,"Cross-situational word learning","CrossSituational","early_language",-0.323263475064219,0.0584583131752943,-0.308110499670584,0.053106294757146,-0.159560925122743,0.0135265085872372,-0.160936118080447,0.0666666666666667,-0.586335085551625,0.192320141665048,"special_case",940.596,18,"scott2012 6","",30.9031725497443,"2012"
"7","mcgregor2013","McGregor, K. K., Rost, G., Arenas, R., Farris-Trimble, A., & Stiles, D. (2013). Children with ASD can use gaze in support of word recognition and learning. Journal of Child Psychology and Psychiatry and Allied Disciplines, 54(7), 745–753. https://doi.org/10.1111/jcpp.12073","McGregor, Rost, Arenas, Farris-Trimble, & Stiles (2013)","yes","Rodrigo Dal Ben",1,"asd_facilitative","7","behavior","test_only","forced-choice","target_selection","within_one","american_english","ASD","mcgregor2013_asd_facilitative",NA,30,NA,4078.96,NA,74,33,20,NA,NA,NA,NA,NA,NA,NA,"artificial",NA,NA,NA,NA,NA,NA,NA,NA,180,NA,NA,NA,NA,NA,NA,NA,NA,NA,NA,NA,NA,NA,NA,NA,NA,NA,NA,NA,NA,NA,NA,NA,NA,NA,NA,NA,NA,NA,NA,NA,NA,NA,NA,NA,NA,NA,NA,NA,NA,NA,NA,NA,NA,NA,NA,NA,NA,NA,NA,NA,NA,NA,NA,NA,NA,NA,NA,NA,NA,NA,NA,NA,NA,NA,NA,NA,NA,NA,NA,NA,NA,NA,NA,NA,NA,NA,NA,NA,NA,"Cross-situational word learning","CrossSituational","early_language",2.05,0.103375,1.99508928571429,0.0979112224968112,0.715781948377211,0.00299706932048186,0.898941235648095,0.037037037037037,3.71828869668015,0.340090118320871,"group_means_one",4078.96,30,"mcgregor2013 7","",134.01375798271,"2013"
"8","mcgregor2013","McGregor, K. K., Rost, G., Arenas, R., Farris-Trimble, A., & Stiles, D. (2013). Children with ASD can use gaze in support of word recognition and learning. Journal of Child Psychology and Psychiatry and Allied Disciplines, 54(7), 745–753. https://doi.org/10.1111/jcpp.12073","McGregor, Rost, Arenas, Farris-Trimble, & Stiles (2013)","yes","Rodrigo Dal Ben",1,"asd_neutral","7","behavior","test_only","forced-choice","target_selection","within_one","american_english","ASD","mcgregor2013_asd_neutral",NA,30,NA,4078.96,NA,42,33,14,NA,3.55,NA,NA,NA,NA,NA,"artificial",NA,NA,NA,NA,NA,NA,NA,NA,180,NA,NA,NA,NA,NA,NA,NA,NA,NA,NA,NA,NA,NA,NA,NA,NA,NA,NA,NA,NA,NA,NA,NA,NA,NA,NA,NA,NA,NA,NA,NA,NA,NA,NA,NA,NA,NA,NA,NA,NA,NA,NA,NA,NA,NA,NA,NA,NA,NA,NA,NA,NA,NA,NA,NA,NA,NA,NA,NA,NA,NA,NA,NA,NA,NA,NA,NA,NA,NA,NA,NA,NA,NA,NA,NA,NA,NA,NA,NA,NA,"Cross-situational word learning","CrossSituational","early_language",0.642857142857143,0.0402210884353741,0.625637755102041,0.0380952448740976,0.306009180413121,0.00748675624153786,0.316136303533072,0.037037037037037,1.16601387700771,0.132322077146124,"group_means_one",4078.96,30,"mcgregor2013 7","",134.01375798271,"2013"
"9","mcgregor2013","McGregor, K. K., Rost, G., Arenas, R., Farris-Trimble, A., & Stiles, D. (2013). Children with ASD can use gaze in support of word recognition and learning. Journal of Child Psychology and Psychiatry and Allied Disciplines, 54(7), 745–753. https://doi.org/10.1111/jcpp.12073","McGregor, Rost, Arenas, Farris-Trimble, & Stiles (2013)","yes","Rodrigo Dal Ben",1,"typical_facilitative","8","behavior","test_only","forced-choice","target_selection","within_one","american_english","typical","mcgregor2013_typical_facilitative",NA,43,NA,3987.64,NA,73,33,20,NA,NA,NA,NA,NA,NA,NA,"artificial",NA,NA,NA,NA,NA,NA,NA,NA,180,NA,NA,NA,NA,NA,NA,NA,NA,NA,NA,NA,NA,NA,NA,NA,NA,NA,NA,NA,NA,NA,NA,NA,NA,NA,NA,NA,NA,NA,NA,NA,NA,NA,NA,NA,NA,NA,NA,NA,NA,NA,NA,NA,NA,NA,NA,NA,NA,NA,NA,NA,NA,NA,NA,NA,NA,NA,NA,NA,NA,NA,NA,NA,NA,NA,NA,NA,NA,NA,NA,NA,NA,NA,NA,NA,NA,NA,NA,NA,NA,"Cross-situational word learning","CrossSituational","early_language",2,0.0697674418604651,1.96341463414634,0.0672383202136049,0.707106781186547,0.00218023255813953,0.881373587019543,0.025,3.62759872846844,0.229525683746264,"group_means_one",3987.64,43,"mcgregor2013 8","",131.013449968172,"2013"
"10","mcgregor2013","McGregor, K. K., Rost, G., Arenas, R., Farris-Trimble, A., & Stiles, D. (2013). Children with ASD can use gaze in support of word recognition and learning. Journal of Child Psychology and Psychiatry and Allied Disciplines, 54(7), 745–753. https://doi.org/10.1111/jcpp.12073","McGregor, Rost, Arenas, Farris-Trimble, & Stiles (2013)","yes","Rodrigo Dal Ben",1,"typical_neutral","8","behavior","test_only","forced-choice","target_selection","within_one","american_english","typical","mcgregor2013_typical_neutral",NA,43,NA,3987.64,NA,42,33,14,NA,4.38,NA,NA,NA,NA,NA,"artificial",NA,NA,NA,NA,NA,NA,NA,NA,180,NA,NA,NA,NA,NA,NA,NA,NA,NA,NA,NA,NA,NA,NA,NA,NA,NA,NA,NA,NA,NA,NA,NA,NA,NA,NA,NA,NA,NA,NA,NA,NA,NA,NA,NA,NA,NA,NA,NA,NA,NA,NA,NA,NA,NA,NA,NA,NA,NA,NA,NA,NA,NA,NA,NA,NA,NA,NA,NA,NA,NA,NA,NA,NA,NA,NA,NA,NA,NA,NA,NA,NA,NA,NA,NA,NA,NA,NA,NA,NA,"Cross-situational word learning","CrossSituational","early_language",0.642857142857143,0.0280612244897959,0.63109756097561,0.0270439842355741,0.306009180413121,0.00522331830804967,0.316136303533072,0.025,1.16601387700771,0.0923177282414821,"group_means_one",3987.64,43,"mcgregor2013 8","",131.013449968172,"2013"
"11","vlach2013","Vlach, H. a., & Johnson, S. P. (2013). Memory constraints on infants’ cross-situational statistical learning. Cognition, 127(3), 375–382. https://doi.org/10.1016/j.cognition.2013.02.015","Vlach & Johnson (2013)","yes","Rodrigo Dal Ben",1,"16m_massed","9","eye-tracking","familiarization","looking while listening","looking_time_change_pc","within_one","american_english","typical","vlach2013_16m_massed",NA,16,NA,490.084,NA,0.55,0.5,0.148,NA,NA,NA,NA,NA,NA,NA,"artificial",NA,NA,30.44,NA,4,NA,0.5625,NA,12,NA,NA,NA,NA,NA,NA,NA,NA,NA,NA,NA,NA,NA,NA,NA,NA,NA,NA,NA,NA,NA,NA,NA,NA,NA,NA,NA,NA,NA,NA,NA,NA,NA,NA,NA,NA,NA,NA,NA,NA,NA,NA,NA,NA,NA,NA,NA,NA,NA,NA,NA,NA,NA,NA,NA,NA,NA,NA,NA,NA,NA,NA,NA,NA,NA,NA,NA,NA,NA,NA,NA,NA,NA,NA,NA,NA,NA,NA,NA,NA,"Cross-situational word learning","CrossSituational","early_language",0.337837837837838,0.066066700146092,0.319739382239383,0.0591777298183586,0.166559362975027,0.0151798392134671,0.168125750828959,0.0769230769230769,0.612770055484534,0.217350731509107,"group_means_one",490.084,16,"vlach2013 9","",16.1016530113555,"2013"
"12","vlach2013","Vlach, H. a., & Johnson, S. P. (2013). Memory constraints on infants’ cross-situational statistical learning. Cognition, 127(3), 375–382. https://doi.org/10.1016/j.cognition.2013.02.015","Vlach & Johnson (2013)","yes","Rodrigo Dal Ben",1,"16m_interleaved","9","eye-tracking","familiarization","looking while listening","looking_time_change_pc","within_one","american_english","typical","vlach2013_16m_interleaved",NA,16,NA,490.084,NA,0.48,0.5,0.173,NA,NA,NA,NA,NA,NA,NA,"artificial",NA,NA,30.44,NA,4,NA,0.5625,NA,12,NA,NA,NA,NA,NA,NA,NA,NA,NA,NA,NA,NA,NA,NA,NA,NA,NA,NA,NA,NA,NA,NA,NA,NA,NA,NA,NA,NA,NA,NA,NA,NA,NA,NA,NA,NA,NA,NA,NA,NA,NA,NA,NA,NA,NA,NA,NA,NA,NA,NA,NA,NA,NA,NA,NA,NA,NA,NA,NA,NA,NA,NA,NA,NA,NA,NA,NA,NA,NA,NA,NA,NA,NA,NA,NA,NA,NA,NA,NA,NA,"Cross-situational word learning","CrossSituational","early_language",-0.115606936416185,0.0629176551171105,-0.109413707679604,0.0563570450331516,-0.0577071418709838,0.0155727942663466,-0.0577713272913808,0.0769230769230769,-0.209687787772742,0.206990788616685,"group_means_one",490.084,16,"vlach2013 9","",16.1016530113555,"2013"
"13","vlach2013","Vlach, H. a., & Johnson, S. P. (2013). Memory constraints on infants’ cross-situational statistical learning. Cognition, 127(3), 375–382. https://doi.org/10.1016/j.cognition.2013.02.015","Vlach & Johnson (2013)","yes","Rodrigo Dal Ben",1,"20m_massed","10","eye-tracking","familiarization","looking while listening","looking_time_change_pc","within_one","american_english","typical","vlach2013_20m_massed",NA,16,NA,614.888,NA,0.55,0.5,0.148,NA,NA,NA,NA,NA,NA,NA,"artificial",NA,NA,30.44,NA,3,NA,0.5625,NA,12,NA,NA,NA,NA,NA,NA,NA,NA,NA,NA,NA,NA,NA,NA,NA,NA,NA,NA,NA,NA,NA,NA,NA,NA,NA,NA,NA,NA,NA,NA,NA,NA,NA,NA,NA,NA,NA,NA,NA,NA,NA,NA,NA,NA,NA,NA,NA,NA,NA,NA,NA,NA,NA,NA,NA,NA,NA,NA,NA,NA,NA,NA,NA,NA,NA,NA,NA,NA,NA,NA,NA,NA,NA,NA,NA,NA,NA,NA,NA,NA,"Cross-situational word learning","CrossSituational","early_language",0.337837837837838,0.066066700146092,0.319739382239383,0.0591777298183586,0.166559362975027,0.0151798392134671,0.168125750828959,0.0769230769230769,0.612770055484534,0.217350731509107,"group_means_one",614.888,16,"vlach2013 10","",20.2020739645578,"2013"
"14","vlach2013","Vlach, H. a., & Johnson, S. P. (2013). Memory constraints on infants’ cross-situational statistical learning. Cognition, 127(3), 375–382. https://doi.org/10.1016/j.cognition.2013.02.015","Vlach & Johnson (2013)","yes","Rodrigo Dal Ben",1,"20m_interleaved","10","eye-tracking","familiarization","looking while listening","looking_time_change_pc","within_one","american_english","typical","vlach2013_20m_interleaved",NA,16,NA,614.888,NA,0.56,0.5,0.19,NA,NA,NA,NA,NA,NA,NA,"artificial",NA,NA,30.44,NA,3,NA,0.5625,NA,12,NA,NA,NA,NA,NA,NA,NA,NA,NA,NA,NA,NA,NA,NA,NA,NA,NA,NA,NA,NA,NA,NA,NA,NA,NA,NA,NA,NA,NA,NA,NA,NA,NA,NA,NA,NA,NA,NA,NA,NA,NA,NA,NA,NA,NA,NA,NA,NA,NA,NA,NA,NA,NA,NA,NA,NA,NA,NA,NA,NA,NA,NA,NA,NA,NA,NA,NA,NA,NA,NA,NA,NA,NA,NA,NA,NA,NA,NA,NA,NA,"Cross-situational word learning","CrossSituational","early_language",0.315789473684211,0.0656163434903047,0.298872180451128,0.0587743331837583,0.155962573473011,0.0152359124212781,0.157245917490371,0.0769230769230769,0.57277874660028,0.215869117498434,"group_means_one",614.888,16,"vlach2013 10","",20.2020739645578,"2013"
"15","suanda2014","Suanda, S. H., Mugwanya, N., & Namy, L. L. (2014). Cross-situational statistical word learning in young children. Journal of Experimental Child Psychology, 126, 395–411. https://doi.org/10.1016/j.jecp.2014.06.003","Suanda, Mugwanya, & Namy (2014)","yes","Rodrigo Dal Ben",1,"high_CD","11","behavior","familiarization","forced-choice","target_selection","within_one","american_english","typical","suanda2014_high_CD",NA,28,NA,2240.384,NA,0.48,0.25,0.21,NA,5.8,NA,NA,1.1,NA,NA,"artificial",NA,NA,1144.544,NA,4.333333333,NA,0.5833333333,NA,8,NA,NA,NA,NA,NA,NA,NA,NA,NA,NA,NA,NA,NA,NA,NA,NA,NA,NA,NA,NA,NA,NA,NA,NA,NA,NA,NA,NA,NA,NA,NA,NA,NA,NA,NA,NA,NA,NA,NA,NA,NA,NA,NA,NA,NA,NA,NA,NA,NA,NA,NA,NA,NA,NA,NA,NA,NA,NA,NA,NA,NA,NA,NA,NA,NA,NA,NA,NA,NA,NA,NA,NA,NA,NA,NA,NA,NA,NA,NA,NA,"Cross-situational word learning","CrossSituational","early_language",1.0952380952381,0.0571347586653709,1.06364468864469,0.0538860644550156,0.480314622865584,0.00650315318499306,0.523393171346327,0.04,1.98654216082795,0.187965821859641,"group_means_one",2240.384,28,"suanda2014 11","",73.6075566233393,"2014"
"16","suanda2014","Suanda, S. H., Mugwanya, N., & Namy, L. L. (2014). Cross-situational statistical word learning in young children. Journal of Experimental Child Psychology, 126, 395–411. https://doi.org/10.1016/j.jecp.2014.06.003","Suanda, Mugwanya, & Namy (2014)","yes","Rodrigo Dal Ben",1,"mod_CD","12","behavior","familiarization","forced-choice","target_selection","within_one","american_english","typical","suanda2014_mod_CD",NA,28,NA,2240.384,NA,0.39,0.25,0.2,NA,3.57,NA,NA,0.67,NA,NA,"artificial",NA,NA,1144.544,NA,4.333333333,NA,0.5833333333,NA,8,NA,NA,NA,NA,NA,NA,NA,NA,NA,NA,NA,NA,NA,NA,NA,NA,NA,NA,NA,NA,NA,NA,NA,NA,NA,NA,NA,NA,NA,NA,NA,NA,NA,NA,NA,NA,NA,NA,NA,NA,NA,NA,NA,NA,NA,NA,NA,NA,NA,NA,NA,NA,NA,NA,NA,NA,NA,NA,NA,NA,NA,NA,NA,NA,NA,NA,NA,NA,NA,NA,NA,NA,NA,NA,NA,NA,NA,NA,NA,NA,"Cross-situational word learning","CrossSituational","early_language",0.7,0.0444642857142857,0.679807692307692,0.0419360372199915,0.330350424728106,0.00785945224986866,0.343221555085944,0.04,1.26965955496395,0.146281636659003,"group_means_one",2240.384,28,"suanda2014 12","",73.6075566233393,"2014"
"17","suanda2014","Suanda, S. H., Mugwanya, N., & Namy, L. L. (2014). Cross-situational statistical word learning in young children. Journal of Experimental Child Psychology, 126, 395–411. https://doi.org/10.1016/j.jecp.2014.06.003","Suanda, Mugwanya, & Namy (2014)","yes","Rodrigo Dal Ben",1,"low_CD","13","behavior","familiarization","forced-choice","target_selection","within_one","american_english","typical","suanda2014_low_CD",NA,28,NA,2240.384,NA,0.34,0.25,0.18,NA,2.77,NA,NA,0.52,NA,NA,"artificial",NA,NA,1144.544,NA,4.333333333,NA,0.5833333333,NA,8,NA,NA,NA,NA,NA,NA,NA,NA,NA,NA,NA,NA,NA,NA,NA,NA,NA,NA,NA,NA,NA,NA,NA,NA,NA,NA,NA,NA,NA,NA,NA,NA,NA,NA,NA,NA,NA,NA,NA,NA,NA,NA,NA,NA,NA,NA,NA,NA,NA,NA,NA,NA,NA,NA,NA,NA,NA,NA,NA,NA,NA,NA,NA,NA,NA,NA,NA,NA,NA,NA,NA,NA,NA,NA,NA,NA,NA,NA,NA,NA,"Cross-situational word learning","CrossSituational","early_language",0.5,0.0401785714285714,0.485576923076923,0.0378940095361369,0.242535625036333,0.00837428396964322,0.247466461547264,0.04,0.906899682117109,0.132182201800304,"group_means_one",2240.384,28,"suanda2014 13","",73.6075566233393,"2014"
"18","woodard2016","Woodard, K., Gleitman, L. R., & Trueswell, J. C. (2016). Two- and Three-Year-Olds Track a Single Meaning During Word Learning: Evidence for Propose-but-Verify. Language Learning and Development, 12(3), 252–261. https://doi.org/10.1080/15475441.2016.1140581","Woodard, Gleitman, & Trueswell (2016)","yes","Rodrigo Dal Ben",1,"same_trials","14","behavior","familiarization","forced-choice","target_selection","within_one","american_english","typical","woodard2016_same",NA,16,NA,395.72,NA,0.83,0.5,0.22,NA,6,NA,NA,NA,NA,NA,"artificial",NA,NA,852.32,NA,3,NA,0.53125,NA,30,NA,NA,NA,NA,NA,NA,NA,NA,NA,NA,NA,NA,NA,NA,NA,NA,NA,NA,NA,NA,NA,NA,NA,NA,NA,NA,NA,NA,NA,NA,NA,NA,NA,NA,NA,NA,NA,NA,NA,NA,NA,NA,NA,NA,NA,NA,NA,NA,NA,NA,NA,NA,NA,NA,NA,NA,NA,NA,NA,NA,NA,NA,NA,NA,NA,NA,NA,NA,NA,NA,NA,NA,NA,NA,NA,NA,NA,NA,NA,NA,"Cross-situational word learning","CrossSituational","early_language",1.5,0.1328125,1.41964285714286,0.118963747608418,0.6,0.008704,0.693147180559945,0.0769230769230769,2.72069904635133,0.43693561150656,"group_means_one",395.72,16,"woodard2016 14","",13.0013347296659,"2016"
"19","woodard2016","Woodard, K., Gleitman, L. R., & Trueswell, J. C. (2016). Two- and Three-Year-Olds Track a Single Meaning During Word Learning: Evidence for Propose-but-Verify. Language Learning and Development, 12(3), 252–261. https://doi.org/10.1080/15475441.2016.1140581","Woodard, Gleitman, & Trueswell (2016)","yes","Rodrigo Dal Ben",1,"switch_trials","15","behavior","familiarization","forced-choice","target_selection","within_one","american_english","typical","woodard2016_switch",NA,16,NA,395.72,NA,0.45,0.5,0.19,NA,1,NA,NA,NA,NA,NA,"artificial",NA,NA,852.32,NA,3,NA,0.53125,NA,30,NA,NA,NA,NA,NA,NA,NA,NA,NA,NA,NA,NA,NA,NA,NA,NA,NA,NA,NA,NA,NA,NA,NA,NA,NA,NA,NA,NA,NA,NA,NA,NA,NA,NA,NA,NA,NA,NA,NA,NA,NA,NA,NA,NA,NA,NA,NA,NA,NA,NA,NA,NA,NA,NA,NA,NA,NA,NA,NA,NA,NA,NA,NA,NA,NA,NA,NA,NA,NA,NA,NA,NA,NA,NA,NA,NA,NA,NA,NA,NA,"Cross-situational word learning","CrossSituational","early_language",-0.263157894736842,0.0646641274238227,-0.24906015037594,0.0579214075043106,-0.130454512571387,0.01535463943515,-0.131202203729111,0.0769230769230769,-0.477315622166899,0.212736452204921,"group_means_one",395.72,16,"woodard2016 15","",13.0013347296659,"2016"
"20","escudero2016","Escudero, P., Mulak, K. E., & Vlach, H. A. (2016). Infants Encode Phonetic Detail during Cross-Situational Word Learning. Frontiers in Psychology, 7(September), 1–11. https://doi.org/10.3389/fpsyg.2016.01419","Escudero, Mulak, & Vlach (2016)","yes","Rodrigo Dal Ben",1,"non_min_pairs","16","eye-tracking","familiarization","looking while listening","looking_time_change_pc","within_one","australian_english","typical","escudero2016_non_min_pairs",NA,88,NA,487.801,NA,50.9,50,23.94,NA,0.72,NA,NA,NA,NA,NA,"artificial",NA,NA,277.004,NA,32,NA,0.4545454545,NA,36,NA,NA,NA,NA,NA,NA,NA,NA,NA,NA,NA,NA,NA,NA,NA,NA,NA,NA,NA,NA,NA,NA,NA,NA,NA,NA,NA,NA,NA,NA,NA,NA,NA,NA,NA,NA,NA,NA,NA,NA,NA,NA,NA,NA,NA,NA,NA,NA,NA,NA,NA,NA,NA,NA,NA,NA,NA,NA,NA,NA,NA,NA,NA,NA,NA,NA,NA,NA,NA,NA,NA,NA,NA,NA,NA,NA,NA,NA,NA,NA,"Cross-situational word learning","CrossSituational","early_language",0.037593984962406,0.0113716665210531,0.037266130442385,0.01117418836816,0.0187936726191357,0.00283990532148239,0.0187958857432325,0.0117647058823529,0.0681879460238427,0.0374112833146355,"group_means_one",487.801,88,"escudero2016 16","",16.026645310992,"2016"
"21","escudero2016","Escudero, P., Mulak, K. E., & Vlach, H. A. (2016). Infants Encode Phonetic Detail during Cross-Situational Word Learning. Frontiers in Psychology, 7(September), 1–11. https://doi.org/10.3389/fpsyg.2016.01419","Escudero, Mulak, & Vlach (2016)","yes","Rodrigo Dal Ben",1,"min_pairs","16","eye-tracking","familiarization","looking while listening","looking_time_change_pc","within_one","australian_english","typical","escudero2016_min_pairs",NA,88,NA,487.801,NA,48.24,50,41.932,NA,0.58,NA,NA,NA,NA,NA,"artificial",NA,NA,277.004,NA,32,NA,0.4545454545,NA,36,NA,NA,NA,NA,NA,NA,NA,NA,NA,NA,NA,NA,NA,NA,NA,NA,NA,NA,NA,NA,NA,NA,NA,NA,NA,NA,NA,NA,NA,NA,NA,NA,NA,NA,NA,NA,NA,NA,NA,NA,NA,NA,NA,NA,NA,NA,NA,NA,NA,NA,NA,NA,NA,NA,NA,NA,NA,NA,NA,NA,NA,NA,NA,NA,NA,NA,NA,NA,NA,NA,NA,NA,NA,NA,NA,NA,NA,NA,NA,NA,"Cross-situational word learning","CrossSituational","early_language",-0.0419727177334732,0.0113736460740564,-0.0416066765904487,0.0111761335446302,-0.020981738910496,0.00283965787759146,-0.020984818677887,0.0117647058823529,-0.076130088740156,0.0374177957829801,"group_means_one",487.801,88,"escudero2016 16","",16.026645310992,"2016"
"22","bunce2017","Bunce, J. P., & Scott, R. M. (2017). Finding meaning in a noisy world: exploring the effects of referential ambiguity and competition on 2·5-year-olds’ cross-situational word learning. Journal of Child Language, 44(3), 650–676. https://doi.org/10.1017/S0305000916000180","Bunce & Scott (2017)","yes","Rodrigo Dal Ben",1,"no_comp","17","eye-tracking","familiarization","looking while listening","looking_time_change_pc","within_one","american_english","typical","bunce2017_no_comp",NA,14,NA,1034.96,NA,0.44,0.25,0.25,NA,2.79,NA,NA,0.76,NA,NA,"artificial",NA,NA,243.52,NA,1.333333333,NA,0.5,NA,12,NA,NA,NA,NA,NA,NA,NA,NA,NA,NA,NA,NA,NA,NA,NA,NA,NA,NA,NA,NA,NA,NA,NA,NA,NA,NA,NA,NA,NA,NA,NA,NA,NA,NA,NA,NA,NA,NA,NA,NA,NA,NA,NA,NA,NA,NA,NA,NA,NA,NA,NA,NA,NA,NA,NA,NA,NA,NA,NA,NA,NA,NA,NA,NA,NA,NA,NA,NA,NA,NA,NA,NA,NA,NA,NA,NA,NA,NA,NA,NA,"Cross-situational word learning","CrossSituational","early_language",0.76,0.0920571428571429,0.7125,0.0809095982142857,0.355217760623573,0.0153554996698623,0.37140239146356,0.0909090909090909,1.37848751681801,0.302855860764856,"group_means_one",1034.96,14,"bunce2017 17","",34.0034908314339,"2017"
"23","bunce2017","Bunce, J. P., & Scott, R. M. (2017). Finding meaning in a noisy world: exploring the effects of referential ambiguity and competition on 2·5-year-olds’ cross-situational word learning. Journal of Child Language, 44(3), 650–676. https://doi.org/10.1017/S0305000916000180","Bunce & Scott (2017)","yes","Rodrigo Dal Ben",1,"short_comp","18","eye-tracking","familiarization","looking while listening","looking_time_change_pc","within_one","american_english","typical","bunce2017_short_comp",NA,14,NA,1034.96,NA,0.4,0.25,0.22,NA,2.54,NA,NA,0.68,NA,NA,"artificial",NA,NA,243.52,NA,1.333333333,NA,0.5,NA,12,NA,NA,NA,NA,NA,NA,NA,NA,NA,NA,NA,NA,NA,NA,NA,NA,NA,NA,NA,NA,NA,NA,NA,NA,NA,NA,NA,NA,NA,NA,NA,NA,NA,NA,NA,NA,NA,NA,NA,NA,NA,NA,NA,NA,NA,NA,NA,NA,NA,NA,NA,NA,NA,NA,NA,NA,NA,NA,NA,NA,NA,NA,NA,NA,NA,NA,NA,NA,NA,NA,NA,NA,NA,NA,NA,NA,NA,NA,NA,NA,"Cross-situational word learning","CrossSituational","early_language",0.681818181818182,0.0880312868949233,0.639204545454546,0.0773712482474911,0.322673927788139,0.015824457038167,0.334628934833807,0.0909090909090909,1.23668138470515,0.289611325523898,"group_means_one",1034.96,14,"bunce2017 18","",34.0034908314339,"2017"
"24","bunce2017","Bunce, J. P., & Scott, R. M. (2017). Finding meaning in a noisy world: exploring the effects of referential ambiguity and competition on 2·5-year-olds’ cross-situational word learning. Journal of Child Language, 44(3), 650–676. https://doi.org/10.1017/S0305000916000180","Bunce & Scott (2017)","yes","Rodrigo Dal Ben",1,"long_comp","19","eye-tracking","familiarization","looking while listening","looking_time_change_pc","within_one","american_english","typical","bunce2017_long_comp",NA,14,NA,1034.96,NA,0.17,0.25,0.17,NA,-1.68,NA,NA,NA,NA,NA,"artificial",NA,NA,243.52,NA,1.333333333,NA,0.5,NA,12,NA,NA,NA,NA,NA,NA,NA,NA,NA,NA,NA,NA,NA,NA,NA,NA,NA,NA,NA,NA,NA,NA,NA,NA,NA,NA,NA,NA,NA,NA,NA,NA,NA,NA,NA,NA,NA,NA,NA,NA,NA,NA,NA,NA,NA,NA,NA,NA,NA,NA,NA,NA,NA,NA,NA,NA,NA,NA,NA,NA,NA,NA,NA,NA,NA,NA,NA,NA,NA,NA,NA,NA,NA,NA,NA,NA,NA,NA,NA,NA,"Cross-situational word learning","CrossSituational","early_language",-0.470588235294118,0.0793376173999011,-0.441176470588235,0.0697303277928819,-0.229039333725547,0.0168738107091405,-0.233175378977953,0.0909090909090909,-0.853552641992573,0.261010299287336,"group_means_one",1034.96,14,"bunce2017 19","",34.0034908314339,"2017"
"25","vlach2017","Vlach, H. A., & DeBrock, C. A. (2017). Remember dax? Relations between children’s cross-situational word learning, memory, and language abilities. Journal of Memory and Language, 93, 217–230. https://doi.org/10.1016/j.jml.2016.10.001","Vlach & DeBrock (2017)","yes","Rodrigo Dal Ben",1,"experimental","20","behavior","familiarization","forced-choice","target_selection","within_one","american_english","typical","experimental",NA,47,NA,1455.3364,NA,6.7,6,2.37,NA,NA,NA,NA,NA,NA,NA,"artificial",NA,NA,1339.36,NA,19,NA,0.5531914894,NA,12,NA,NA,NA,NA,NA,NA,NA,NA,NA,NA,NA,NA,NA,NA,NA,NA,NA,NA,NA,NA,NA,NA,NA,NA,NA,NA,NA,NA,NA,NA,NA,NA,NA,NA,NA,NA,NA,NA,NA,NA,NA,NA,NA,NA,NA,NA,NA,NA,NA,NA,NA,NA,NA,NA,NA,NA,NA,NA,NA,NA,NA,NA,NA,NA,NA,NA,NA,NA,NA,NA,NA,NA,NA,NA,NA,NA,NA,NA,NA,NA,"Cross-situational word learning","CrossSituational","early_language",0.29535864978903,0.0222046460851617,0.290436005625879,0.0214706591729022,0.14609481326466,0.00520324720975609,0.147147731436643,0.0227272727272727,0.535721331208419,0.0730503575755811,"group_means_one",1455.3364,47,"vlach2017 20","",47.8149087250251,"2017"
"26","vlach2017","Vlach, H. A., & DeBrock, C. A. (2017). Remember dax? Relations between children’s cross-situational word learning, memory, and language abilities. Journal of Memory and Language, 93, 217–230. https://doi.org/10.1016/j.jml.2016.10.001","Vlach & DeBrock (2017)","yes","Rodrigo Dal Ben",2,"experimental","21","behavior","familiarization","forced-choice","target_selection","within_one","american_english","typical","experimental",NA,53,NA,1567.3556,NA,7.64,6,2.01,NA,NA,NA,NA,NA,NA,NA,"artificial",NA,NA,1126.28,NA,26,NA,0.5849056604,NA,12,NA,NA,NA,NA,NA,NA,NA,NA,NA,NA,NA,NA,NA,NA,NA,NA,NA,NA,NA,NA,NA,NA,NA,NA,NA,NA,NA,NA,NA,NA,NA,NA,NA,NA,NA,NA,NA,NA,NA,NA,NA,NA,NA,NA,NA,NA,NA,NA,NA,NA,NA,NA,NA,NA,NA,NA,NA,NA,NA,NA,NA,NA,NA,NA,NA,NA,NA,NA,NA,NA,NA,NA,NA,NA,NA,NA,NA,NA,NA,NA,"Cross-situational word learning","CrossSituational","early_language",0.81592039800995,0.0251483593951766,0.803921568627451,0.0244141404249454,0.377735820558001,0.0039616118473306,0.397415996306349,0.02,1.47991589917618,0.0827347861889372,"group_means_one",1567.3556,53,"vlach2017 21","",51.4952865561921,"2017"
"27","filippi2017","Filippi, P., Laaha, S., & Fitch, W. T. (2017). Utterance-final position and pitch marking aid word learning in school-age children. Royal Society Open Science, 4(8), 161035. https://doi.org/10.1098/rsos.161035","Filippi, Laaha, & Fitch (2017)","yes","Rodrigo Dal Ben",1,"control","22","behavior","familiarization","forced-choice","target_selection","within_one","german","typical","filippi2017_control",NA,14,NA,3257.08,NA,34.02,33,9.447804653,NA,NA,NA,NA,NA,NA,NA,"artificial",NA,NA,730.56,NA,NA,NA,0.619047619,NA,36,NA,NA,NA,NA,NA,NA,NA,NA,NA,NA,NA,NA,NA,NA,NA,NA,NA,NA,NA,NA,NA,NA,NA,NA,NA,NA,NA,NA,NA,NA,NA,NA,NA,NA,NA,NA,NA,NA,NA,NA,NA,NA,NA,NA,NA,NA,NA,NA,NA,NA,NA,NA,NA,NA,NA,NA,NA,NA,NA,NA,NA,NA,NA,NA,NA,NA,NA,NA,NA,NA,NA,NA,NA,NA,NA,NA,NA,NA,NA,NA,"Cross-situational word learning","CrossSituational","early_language",0.107961588693106,0.0718448465940407,0.101213989399787,0.0631448847017936,0.0539023177867969,0.0178051093387002,0.0539546126551115,0.0909090909090909,0.195820660933273,0.236360071380045,"group_means_one",3257.08,14,"filippi2017 22","",107.010985851866,"2017"
"28","filippi2017","Filippi, P., Laaha, S., & Fitch, W. T. (2017). Utterance-final position and pitch marking aid word learning in school-age children. Royal Society Open Science, 4(8), 161035. https://doi.org/10.1098/rsos.161035","Filippi, Laaha, & Fitch (2017)","yes","Rodrigo Dal Ben",1,"UF","23","behavior","familiarization","forced-choice","target_selection","within_one","german","typical","filippi2017_UF",NA,14,NA,3257.08,NA,39.81,33,9.802855057,NA,NA,NA,NA,NA,NA,NA,"artificial",NA,NA,730.56,NA,NA,NA,0.619047619,NA,36,NA,NA,NA,NA,NA,NA,NA,NA,NA,NA,NA,NA,NA,NA,NA,NA,NA,NA,NA,NA,NA,NA,NA,NA,NA,NA,NA,NA,NA,NA,NA,NA,NA,NA,NA,NA,NA,NA,NA,NA,NA,NA,NA,NA,NA,NA,NA,NA,NA,NA,NA,NA,NA,NA,NA,NA,NA,NA,NA,NA,NA,NA,NA,NA,NA,NA,NA,NA,NA,NA,NA,NA,NA,NA,NA,NA,NA,NA,NA,NA,"Cross-situational word learning","CrossSituational","early_language",0.694695571892306,0.0886643549145278,0.651277098649037,0.0779276556865967,0.328117537362152,0.0157499260053287,0.340717207366709,0.0909090909090909,1.26003838663459,0.291694035828057,"group_means_one",3257.08,14,"filippi2017 23","",107.010985851866,"2017"
"29","filippi2017","Filippi, P., Laaha, S., & Fitch, W. T. (2017). Utterance-final position and pitch marking aid word learning in school-age children. Royal Society Open Science, 4(8), 161035. https://doi.org/10.1098/rsos.161035","Filippi, Laaha, & Fitch (2017)","yes","Rodrigo Dal Ben",1,"PP","24","behavior","familiarization","forced-choice","target_selection","within_one","german","typical","filippi2017_PP",NA,14,NA,3257.08,NA,47.86,33,15.34510527,NA,NA,NA,NA,NA,NA,NA,"artificial",NA,NA,730.56,NA,NA,NA,0.619047619,NA,36,NA,NA,NA,NA,NA,NA,NA,NA,NA,NA,NA,NA,NA,NA,NA,NA,NA,NA,NA,NA,NA,NA,NA,NA,NA,NA,NA,NA,NA,NA,NA,NA,NA,NA,NA,NA,NA,NA,NA,NA,NA,NA,NA,NA,NA,NA,NA,NA,NA,NA,NA,NA,NA,NA,NA,NA,NA,NA,NA,NA,NA,NA,NA,NA,NA,NA,NA,NA,NA,NA,NA,NA,NA,NA,NA,NA,NA,NA,NA,NA,"Cross-situational word learning","CrossSituational","early_language",0.968386970212033,0.104920475859873,0.907862784573781,0.0922152619862164,0.435796123472942,0.0139439811484856,0.467029547424289,0.0909090909090909,1.75645967090329,0.345174530103664,"group_means_one",3257.08,14,"filippi2017 24","",107.010985851866,"2017"
"30","filippi2017","Filippi, P., Laaha, S., & Fitch, W. T. (2017). Utterance-final position and pitch marking aid word learning in school-age children. Royal Society Open Science, 4(8), 161035. https://doi.org/10.1098/rsos.161035","Filippi, Laaha, & Fitch (2017)","yes","Rodrigo Dal Ben",1,"PP_UF","25","behavior","familiarization","forced-choice","target_selection","within_one","german","typical","filippi2017_PP_UF",NA,14,NA,3257.08,NA,54.68,33,16.88654361,NA,NA,NA,NA,NA,NA,NA,"artificial",NA,NA,730.56,NA,NA,NA,0.619047619,NA,36,NA,NA,NA,NA,NA,NA,NA,NA,NA,NA,NA,NA,NA,NA,NA,NA,NA,NA,NA,NA,NA,NA,NA,NA,NA,NA,NA,NA,NA,NA,NA,NA,NA,NA,NA,NA,NA,NA,NA,NA,NA,NA,NA,NA,NA,NA,NA,NA,NA,NA,NA,NA,NA,NA,NA,NA,NA,NA,NA,NA,NA,NA,NA,NA,NA,NA,NA,NA,NA,NA,NA,NA,NA,NA,NA,NA,NA,NA,NA,NA,"Cross-situational word learning","CrossSituational","early_language",1.28386249434499,0.13029653229949,1.20362108844843,0.114518436591349,0.540206148028846,0.0115690821213004,0.604446653829617,0.0909090909090909,2.32866897600709,0.428658409543244,"group_means_one",3257.08,14,"filippi2017 25","",107.010985851866,"2017"
"31","fitneva2017","Fitneva, S. A., & Christiansen, M. H. (2017). Developmental Changes in Cross-Situational Word Learning: The Inverse Effect of Initial Accuracy. Cognitive Science, 41, 141–161. https://doi.org/10.1111/cogs.12322","Fitneva & Christiansen (2017)","yes","Rodrigo Dal Ben",1,"48m","26","behavior","familiarization","forced-choice","target_selection","within_one","american_english","typical","fitneva_48m",NA,35,NA,1704.64,NA,0.585,0.5,0.184520607,NA,NA,NA,NA,NA,NA,NA,"artificial",NA,NA,334.84,NA,4,NA,0.6285714286,NA,15,NA,NA,NA,NA,NA,NA,NA,NA,NA,NA,NA,NA,NA,NA,NA,NA,NA,NA,NA,NA,NA,NA,NA,NA,NA,NA,NA,NA,NA,NA,NA,NA,NA,NA,NA,NA,NA,NA,NA,NA,NA,NA,NA,NA,NA,NA,NA,NA,NA,NA,NA,NA,NA,NA,NA,NA,NA,NA,NA,NA,NA,NA,NA,NA,NA,NA,NA,NA,NA,NA,NA,NA,NA,NA,NA,NA,NA,NA,NA,NA,"Cross-situational word learning","CrossSituational","early_language",0.460653156208184,0.0316028761474937,0.450183766294362,0.0301827055768161,0.224449938448666,0.00676580114072922,0.228337228930703,0.03125,0.83553240186289,0.103969295170795,"group_means_one",1704.64,35,"fitneva2017 26","",56.0057496047147,"2017"
"32","fitneva2017","Fitneva, S. A., & Christiansen, M. H. (2017). Developmental Changes in Cross-Situational Word Learning: The Inverse Effect of Initial Accuracy. Cognitive Science, 41, 141–161. https://doi.org/10.1111/cogs.12322","Fitneva & Christiansen (2017)","yes","Rodrigo Dal Ben",1,"120m","27","behavior","familiarization","forced-choice","target_selection","within_one","american_english","typical","fitneva_120m",NA,31,NA,3865.88,NA,0.68,0.5,0.2430859403,NA,NA,NA,NA,NA,NA,NA,"artificial",NA,NA,426.16,NA,NA,NA,0.3548387097,NA,15,NA,NA,NA,NA,NA,NA,NA,NA,NA,NA,NA,NA,NA,NA,NA,NA,NA,NA,NA,NA,NA,NA,NA,NA,NA,NA,NA,NA,NA,NA,NA,NA,NA,NA,NA,NA,NA,NA,NA,NA,NA,NA,NA,NA,NA,NA,NA,NA,NA,NA,NA,NA,NA,NA,NA,NA,NA,NA,NA,NA,NA,NA,NA,NA,NA,NA,NA,NA,NA,NA,NA,NA,NA,NA,NA,NA,NA,NA,NA,NA,"Cross-situational word learning","CrossSituational","early_language",0.740478860183589,0.0411017571351417,0.721328544834014,0.039003294950849,0.347206371543655,0.00698924882974667,0.362263664838104,0.0357142857142857,1.34308008582987,0.135219361037834,"group_means_one",3865.88,31,"fitneva2017 27","",127.013039282121,"2017"
"33","hu2017","Hu, C.-F. (2017). Resolving referential ambiguity across ambiguous situations in young foreign language learners. Applied Psycholinguistics, 38(3), 633–656. https://doi.org/10.1017/S0142716416000357","Hu (2017)","yes","Rodrigo Dal Ben",1,"constrast","28","behavior","familiarization","forced-choice","target_selection","within_one","mandarin","typical","hu2017_constrast",NA,60,NA,3226.64,NA,0.65625,0.2,0.23125,NA,NA,NA,NA,NA,NA,NA,"artificial",NA,NA,NA,NA,NA,NA,NA,NA,16,NA,NA,NA,NA,NA,NA,NA,NA,NA,NA,NA,NA,NA,NA,NA,NA,NA,NA,NA,NA,NA,NA,NA,NA,NA,NA,NA,NA,NA,NA,NA,NA,NA,NA,NA,NA,NA,NA,NA,NA,NA,NA,NA,NA,NA,NA,NA,NA,NA,NA,NA,NA,NA,NA,NA,NA,NA,NA,NA,NA,NA,NA,NA,NA,NA,NA,NA,NA,NA,NA,NA,NA,NA,NA,NA,NA,NA,NA,NA,NA,"Cross-situational word learning","CrossSituational","early_language",1.97297297297297,0.0491051862673484,1.94746039142591,0.0478434355128942,0.702280281445106,0.00159802428944375,0.871785735559449,0.0175438596491228,3.57857712402967,0.161549587500178,"group_means_one",3226.64,60,"hu2017 28","",106.010883180353,"2017"
"34","hu2017","Hu, C.-F. (2017). Resolving referential ambiguity across ambiguous situations in young foreign language learners. Applied Psycholinguistics, 38(3), 633–656. https://doi.org/10.1017/S0142716416000357","Hu (2017)","yes","Rodrigo Dal Ben",1,"non_constrast","29","behavior","familiarization","forced-choice","target_selection","within_one","mandarin","typical","hu2017_non_constrast",NA,60,NA,3226.64,NA,0.475,0.2,0.25625,NA,NA,NA,NA,NA,NA,NA,"artificial",NA,NA,NA,NA,NA,NA,NA,NA,16,NA,NA,NA,NA,NA,NA,NA,NA,NA,NA,NA,NA,NA,NA,NA,NA,NA,NA,NA,NA,NA,NA,NA,NA,NA,NA,NA,NA,NA,NA,NA,NA,NA,NA,NA,NA,NA,NA,NA,NA,NA,NA,NA,NA,NA,NA,NA,NA,NA,NA,NA,NA,NA,NA,NA,NA,NA,NA,NA,NA,NA,NA,NA,NA,NA,NA,NA,NA,NA,NA,NA,NA,NA,NA,NA,NA,NA,NA,NA,NA,"Cross-situational word learning","CrossSituational","early_language",1.07317073170732,0.0262641284949435,1.05929352396972,0.0255892754608229,0.472817704814597,0.00307349450782868,0.513693125572514,0.0175438596491228,1.9465163908855,0.0864055193948235,"group_means_one",3226.64,60,"hu2017 29","",106.010883180353,"2017"
"35","hu2017","Hu, C.-F. (2017). Resolving referential ambiguity across ambiguous situations in young foreign language learners. Applied Psycholinguistics, 38(3), 633–656. https://doi.org/10.1017/S0142716416000357","Hu (2017)","yes","Rodrigo Dal Ben",2,"interleaved","30","behavior","familiarization","forced-choice","target_selection","within_one","mandarin","typical","hu2017_interleaved",NA,63,NA,3226.64,NA,0.35625,0.2,0.2125,NA,NA,NA,NA,NA,NA,NA,"artificial",NA,NA,NA,NA,NA,NA,NA,NA,16,NA,NA,NA,NA,NA,NA,NA,NA,NA,NA,NA,NA,NA,NA,NA,NA,NA,NA,NA,NA,NA,NA,NA,NA,NA,NA,NA,NA,NA,NA,NA,NA,NA,NA,NA,NA,NA,NA,NA,NA,NA,NA,NA,NA,NA,NA,NA,NA,NA,NA,NA,NA,NA,NA,NA,NA,NA,NA,NA,NA,NA,NA,NA,NA,NA,NA,NA,NA,NA,NA,NA,NA,NA,NA,NA,NA,NA,NA,NA,NA,"Cross-situational word learning","CrossSituational","early_language",0.735294117647059,0.020163947932114,0.726253616200579,0.0196711613115613,0.345065644630977,0.00344619092082556,0.359831543729934,0.0166666666666667,1.3336760031134,0.0663367297513764,"group_means_one",3226.64,63,"hu2017 30","",106.010883180353,"2017"
"36","hu2017","Hu, C.-F. (2017). Resolving referential ambiguity across ambiguous situations in young foreign language learners. Applied Psycholinguistics, 38(3), 633–656. https://doi.org/10.1017/S0142716416000357","Hu (2017)","yes","Rodrigo Dal Ben",2,"massed","31","behavior","familiarization","forced-choice","target_selection","within_one","mandarin","typical","hu2017_massed",NA,60,NA,3226.64,NA,0.4,0.2,0.24375,NA,NA,NA,NA,NA,NA,NA,"artificial",NA,NA,NA,NA,NA,NA,NA,NA,16,NA,NA,NA,NA,NA,NA,NA,NA,NA,NA,NA,NA,NA,NA,NA,NA,NA,NA,NA,NA,NA,NA,NA,NA,NA,NA,NA,NA,NA,NA,NA,NA,NA,NA,NA,NA,NA,NA,NA,NA,NA,NA,NA,NA,NA,NA,NA,NA,NA,NA,NA,NA,NA,NA,NA,NA,NA,NA,NA,NA,NA,NA,NA,NA,NA,NA,NA,NA,NA,NA,NA,NA,NA,NA,NA,NA,NA,NA,NA,NA,"Cross-situational word learning","CrossSituational","early_language",0.820512820512821,0.0222770107385492,0.809902740937224,0.0217046061262682,0.379556356256306,0.00349238634603002,0.399541234457015,0.0175438596491228,1.48824563219218,0.0732884277427667,"group_means_one",3226.64,60,"hu2017 31","",106.010883180353,"2017"
"37","aravind2018","Aravind, A., de Villiers, J., Pace, A., Valentine, H., Golinkoff, R., Hirsh-Pasek, K., … Sweig Wilson, M. (2018). Fast mapping word meanings across trials: Young children forget all but their first guess. Cognition, 177(April), 177–188. https://doi.org/10.1016/j.cognition.2018.04.008","Aravind et al. (2018)","yes","Rodrigo Dal Ben",1,"36m","32","behavior","familiarization","forced-choice","target_selection","within_one","american_english","typical","aravind2018_36m",NA,213,NA,1278.48,NA,0.4325,0.25,0.3126,NA,NA,NA,NA,NA,NA,NA,"artificial",NA,"https://github.com/a-aravind/WordLearning",334.84,NA,NA,NA,0.5508607199,NA,5,NA,NA,NA,NA,NA,NA,NA,NA,NA,NA,NA,NA,NA,NA,NA,NA,NA,NA,NA,NA,NA,NA,NA,NA,NA,NA,NA,NA,NA,NA,NA,NA,NA,NA,NA,NA,NA,NA,NA,NA,NA,NA,NA,NA,NA,NA,NA,NA,NA,NA,NA,NA,NA,NA,NA,NA,NA,NA,NA,NA,NA,NA,NA,NA,NA,NA,NA,NA,NA,NA,NA,NA,NA,NA,NA,NA,NA,NA,NA,NA,"Cross-situational word learning","CrossSituational","early_language",0.58381317978247,0.00549492448095708,0.581738014451489,0.00545593046233211,0.280212248176341,0.00107488258669648,0.287912391318781,0.00476190476190476,1.058919974321,0.0180775769469692,"group_means_one",1278.48,213,"aravind2018 32","",42.004312203536,"2018"
"38","aravind2018","Aravind, A., de Villiers, J., Pace, A., Valentine, H., Golinkoff, R., Hirsh-Pasek, K., … Sweig Wilson, M. (2018). Fast mapping word meanings across trials: Young children forget all but their first guess. Cognition, 177(April), 177–188. https://doi.org/10.1016/j.cognition.2018.04.008","Aravind et al. (2018)","yes","Rodrigo Dal Ben",1,"48m","33","behavior","familiarization","forced-choice","target_selection","within_one","american_english","typical","aravind2018_48m",NA,315,NA,1643.76,NA,0.49415,0.25,0.2923,NA,NA,NA,NA,NA,NA,NA,"artificial",NA,"https://github.com/a-aravind/WordLearning",334.84,NA,NA,NA,0.3724867725,NA,5,NA,NA,NA,NA,NA,NA,NA,NA,NA,NA,NA,NA,NA,NA,NA,NA,NA,NA,NA,NA,NA,NA,NA,NA,NA,NA,NA,NA,NA,NA,NA,NA,NA,NA,NA,NA,NA,NA,NA,NA,NA,NA,NA,NA,NA,NA,NA,NA,NA,NA,NA,NA,NA,NA,NA,NA,NA,NA,NA,NA,NA,NA,NA,NA,NA,NA,NA,NA,NA,NA,NA,NA,NA,NA,NA,NA,NA,NA,NA,NA,"Cross-situational word learning","CrossSituational","early_language",0.835271980841601,0.00428203060631595,0.833270530408275,0.00426153427862608,0.385377390363813,0.000660875511211459,0.40635971446946,0.00320512820512821,1.51501578781315,0.0140873160392318,"group_means_one",1643.76,315,"aravind2018 33","",54.0055442616892,"2018"
"39","aravind2018","Aravind, A., de Villiers, J., Pace, A., Valentine, H., Golinkoff, R., Hirsh-Pasek, K., … Sweig Wilson, M. (2018). Fast mapping word meanings across trials: Young children forget all but their first guess. Cognition, 177(April), 177–188. https://doi.org/10.1016/j.cognition.2018.04.008","Aravind et al. (2018)","yes","Rodrigo Dal Ben",1,"60m","34","behavior","familiarization","forced-choice","target_selection","within_one","american_english","typical","aravind2018_60m",NA,146,NA,2009.04,NA,0.54525,0.25,0.2868,NA,NA,NA,NA,NA,NA,NA,"artificial",NA,"https://github.com/a-aravind/WordLearning",334.84,NA,NA,NA,0.803652968,NA,5,NA,NA,NA,NA,NA,NA,NA,NA,NA,NA,NA,NA,NA,NA,NA,NA,NA,NA,NA,NA,NA,NA,NA,NA,NA,NA,NA,NA,NA,NA,NA,NA,NA,NA,NA,NA,NA,NA,NA,NA,NA,NA,NA,NA,NA,NA,NA,NA,NA,NA,NA,NA,NA,NA,NA,NA,NA,NA,NA,NA,NA,NA,NA,NA,NA,NA,NA,NA,NA,NA,NA,NA,NA,NA,NA,NA,NA,NA,NA,NA,"Cross-situational word learning","CrossSituational","early_language",1.0294630404463,0.0104787470946745,1.02410125377731,0.0103698777333122,0.457661452840947,0.00129428761431797,0.494349126855814,0.00699300699300699,1.86723940826413,0.0344736961478339,"group_means_one",2009.04,146,"aravind2018 34","",66.0067763198423,"2018"
"40","aravind2018","Aravind, A., de Villiers, J., Pace, A., Valentine, H., Golinkoff, R., Hirsh-Pasek, K., … Sweig Wilson, M. (2018). Fast mapping word meanings across trials: Young children forget all but their first guess. Cognition, 177(April), 177–188. https://doi.org/10.1016/j.cognition.2018.04.008","Aravind et al. (2018)","yes","Rodrigo Dal Ben",2,"36m_english","35","behavior","familiarization","forced-choice","target_selection","within_one","american_english","typical","aravind2018_36m_english",NA,74.5,NA,1278.48,NA,0.42415,0.25,0.276,NA,NA,NA,NA,NA,NA,NA,"artificial",NA,"https://github.com/a-aravind/WordLearning",334.84,NA,NA,NA,0.6375838926,NA,4,NA,NA,NA,NA,NA,NA,NA,NA,NA,NA,NA,NA,NA,NA,NA,NA,NA,NA,NA,NA,NA,NA,NA,NA,NA,NA,NA,NA,NA,NA,NA,NA,NA,NA,NA,NA,NA,NA,NA,NA,NA,NA,NA,NA,NA,NA,NA,NA,NA,NA,NA,NA,NA,NA,NA,NA,NA,NA,NA,NA,NA,NA,NA,NA,NA,NA,NA,NA,NA,NA,NA,NA,NA,NA,NA,NA,NA,NA,NA,NA,"Cross-situational word learning","CrossSituational","early_language",0.630978260869565,0.0160948561455703,0.624450899550225,0.0157635815202673,0.300870903108258,0.00302692624844986,0.310476915732759,0.013986013986014,1.14446796841083,0.0529499543497404,"group_means_one",1278.48,74.5,"aravind2018 35","",42.004312203536,"2018"
"41","aravind2018","Aravind, A., de Villiers, J., Pace, A., Valentine, H., Golinkoff, R., Hirsh-Pasek, K., … Sweig Wilson, M. (2018). Fast mapping word meanings across trials: Young children forget all but their first guess. Cognition, 177(April), 177–188. https://doi.org/10.1016/j.cognition.2018.04.008","Aravind et al. (2018)","yes","Rodrigo Dal Ben",2,"48m_english","36","behavior","familiarization","forced-choice","target_selection","within_one","american_english","typical","aravind2018_48m_english",NA,116.5,NA,1643.76,NA,0.46605,0.25,0.264,NA,NA,NA,NA,NA,NA,NA,"artificial",NA,"https://github.com/a-aravind/WordLearning",334.84,NA,NA,NA,0.4077253219,NA,4,NA,NA,NA,NA,NA,NA,NA,NA,NA,NA,NA,NA,NA,NA,NA,NA,NA,NA,NA,NA,NA,NA,NA,NA,NA,NA,NA,NA,NA,NA,NA,NA,NA,NA,NA,NA,NA,NA,NA,NA,NA,NA,NA,NA,NA,NA,NA,NA,NA,NA,NA,NA,NA,NA,NA,NA,NA,NA,NA,NA,NA,NA,NA,NA,NA,NA,NA,NA,NA,NA,NA,NA,NA,NA,NA,NA,NA,NA,NA,NA,"Cross-situational word learning","CrossSituational","early_language",0.818371212121212,0.0114580748533422,0.813010701998147,0.0113084606820674,0.378707923225731,0.00180034577363918,0.398550373855643,0.00881057268722467,1.48436118425304,0.0376955553335193,"group_means_one",1643.76,116.5,"aravind2018 36","",54.0055442616892,"2018"
"42","aravind2018","Aravind, A., de Villiers, J., Pace, A., Valentine, H., Golinkoff, R., Hirsh-Pasek, K., … Sweig Wilson, M. (2018). Fast mapping word meanings across trials: Young children forget all but their first guess. Cognition, 177(April), 177–188. https://doi.org/10.1016/j.cognition.2018.04.008","Aravind et al. (2018)","yes","Rodrigo Dal Ben",2,"60m_english","37","behavior","familiarization","forced-choice","target_selection","within_one","american_english","typical","aravind2018_60m_english",NA,93,NA,2009.04,NA,0.4873,0.25,0.256,NA,NA,NA,NA,NA,NA,NA,"artificial",NA,"https://github.com/a-aravind/WordLearning",334.84,NA,NA,NA,0.5107526882,NA,4,NA,NA,NA,NA,NA,NA,NA,NA,NA,NA,NA,NA,NA,NA,NA,NA,NA,NA,NA,NA,NA,NA,NA,NA,NA,NA,NA,NA,NA,NA,NA,NA,NA,NA,NA,NA,NA,NA,NA,NA,NA,NA,NA,NA,NA,NA,NA,NA,NA,NA,NA,NA,NA,NA,NA,NA,NA,NA,NA,NA,NA,NA,NA,NA,NA,NA,NA,NA,NA,NA,NA,NA,NA,NA,NA,NA,NA,NA,NA,NA,"Cross-situational word learning","CrossSituational","early_language",0.926953125,0.0153722693330498,0.919313401442308,0.0151199244637754,0.420507266018345,0.00214364249068798,0.448308096060009,0.0111111111111111,1.68130698879992,0.0505727390213998,"group_means_one",2009.04,93,"aravind2018 37","",66.0067763198423,"2018"
"43","aravind2018","Aravind, A., de Villiers, J., Pace, A., Valentine, H., Golinkoff, R., Hirsh-Pasek, K., … Sweig Wilson, M. (2018). Fast mapping word meanings across trials: Young children forget all but their first guess. Cognition, 177(April), 177–188. https://doi.org/10.1016/j.cognition.2018.04.008","Aravind et al. (2018)","yes","Rodrigo Dal Ben",2,"36m_spanish","38","behavior","familiarization","forced-choice","target_selection","within_one","american_english","typical","aravind2018_36m_spanish",NA,74.5,NA,1278.48,NA,0.42085,0.25,0.285,NA,NA,NA,NA,NA,NA,NA,"artificial",NA,"https://github.com/a-aravind/WordLearning",334.84,NA,NA,NA,0.6375838926,NA,4,NA,NA,NA,NA,NA,NA,NA,NA,NA,NA,NA,NA,NA,NA,NA,NA,NA,NA,NA,NA,NA,NA,NA,NA,NA,NA,NA,NA,NA,NA,NA,NA,NA,NA,NA,NA,NA,NA,NA,NA,NA,NA,NA,NA,NA,NA,NA,NA,NA,NA,NA,NA,NA,NA,NA,NA,NA,NA,NA,NA,NA,NA,NA,NA,NA,NA,NA,NA,NA,NA,NA,NA,NA,NA,NA,NA,NA,NA,NA,NA,"Cross-situational word learning","CrossSituational","early_language",0.599473684210526,0.0158346892487312,0.5932722323049,0.0155087695449315,0.287116613154798,0.00305814957544414,0.295420978888506,0.013986013986014,1.0873249872962,0.0520940395663864,"group_means_one",1278.48,74.5,"aravind2018 38","",42.004312203536,"2018"
"44","aravind2018","Aravind, A., de Villiers, J., Pace, A., Valentine, H., Golinkoff, R., Hirsh-Pasek, K., … Sweig Wilson, M. (2018). Fast mapping word meanings across trials: Young children forget all but their first guess. Cognition, 177(April), 177–188. https://doi.org/10.1016/j.cognition.2018.04.008","Aravind et al. (2018)","yes","Rodrigo Dal Ben",2,"48m_spanish","39","behavior","familiarization","forced-choice","target_selection","within_one","american_english","typical","aravind2018_48m_spanish",NA,116.5,NA,1643.76,NA,0.39025,0.25,0.293,NA,NA,NA,NA,NA,NA,NA,"artificial",NA,"https://github.com/a-aravind/WordLearning",334.84,NA,NA,NA,0.4077253219,NA,4,NA,NA,NA,NA,NA,NA,NA,NA,NA,NA,NA,NA,NA,NA,NA,NA,NA,NA,NA,NA,NA,NA,NA,NA,NA,NA,NA,NA,NA,NA,NA,NA,NA,NA,NA,NA,NA,NA,NA,NA,NA,NA,NA,NA,NA,NA,NA,NA,NA,NA,NA,NA,NA,NA,NA,NA,NA,NA,NA,NA,NA,NA,NA,NA,NA,NA,NA,NA,NA,NA,NA,NA,NA,NA,NA,NA,NA,NA,NA,NA,"Cross-situational word learning","CrossSituational","early_language",0.478668941979522,0.00956705560521801,0.475533555896687,0.00944213347700396,0.23276090778277,0.00202370421936795,0.237106548362593,0.00881057268722467,0.868209422641123,0.0314743513689087,"group_means_one",1643.76,116.5,"aravind2018 39","",54.0055442616892,"2018"
"45","aravind2018","Aravind, A., de Villiers, J., Pace, A., Valentine, H., Golinkoff, R., Hirsh-Pasek, K., … Sweig Wilson, M. (2018). Fast mapping word meanings across trials: Young children forget all but their first guess. Cognition, 177(April), 177–188. https://doi.org/10.1016/j.cognition.2018.04.008","Aravind et al. (2018)","yes","Rodrigo Dal Ben",2,"60m_spanish","40","behavior","familiarization","forced-choice","target_selection","within_one","american_english","typical","aravind2018_60m_spanish",NA,93,NA,2009.04,NA,0.46935,0.25,0.27,NA,NA,NA,NA,NA,NA,NA,"artificial",NA,"https://github.com/a-aravind/WordLearning",334.84,NA,NA,NA,0.5107526882,NA,4,NA,NA,NA,NA,NA,NA,NA,NA,NA,NA,NA,NA,NA,NA,NA,NA,NA,NA,NA,NA,NA,NA,NA,NA,NA,NA,NA,NA,NA,NA,NA,NA,NA,NA,NA,NA,NA,NA,NA,NA,NA,NA,NA,NA,NA,NA,NA,NA,NA,NA,NA,NA,NA,NA,NA,NA,NA,NA,NA,NA,NA,NA,NA,NA,NA,NA,NA,NA,NA,NA,NA,NA,NA,NA,NA,NA,NA,NA,NA,NA,"Cross-situational word learning","CrossSituational","early_language",0.812407407407407,0.014301106428013,0.805711741961742,0.0140663453297087,0.376340230156248,0.00226115456795534,0.395789134590393,0.0111111111111111,1.47354403905472,0.0470487543141216,"group_means_one",2009.04,93,"aravind2018 40","",66.0067763198423,"2018"
"46","roembke2018","Roembke, T. C., Wiggs, K. K., & McMurray, B. (2018). Symbolic flexibility during unsupervised word learning in children and adults. Journal of Experimental Child Psychology, 175, 17–36. https://doi.org/10.1016/j.jecp.2018.05.016","Roembke, Wiggs, & McMurray (2018)","yes","Rodrigo Dal Ben",1,"word","41","behavior","test_only","forced-choice","target_selection","within_one","american_english","typical","roembke2018_word",NA,24,NA,2459.552,NA,0.55,0.33,0.4809874842,NA,NA,NA,NA,NA,NA,NA,"artificial",NA,"https://doi. org/10.1016/j.jecp.2018.05.016",NA,NA,1,NA,0.4166666667,NA,360,NA,NA,NA,NA,NA,NA,NA,NA,NA,NA,NA,NA,NA,NA,NA,NA,NA,NA,NA,NA,NA,NA,NA,NA,NA,NA,NA,NA,NA,NA,NA,NA,NA,NA,NA,NA,NA,NA,NA,NA,NA,NA,NA,NA,NA,NA,NA,NA,NA,NA,NA,NA,NA,NA,NA,NA,NA,NA,NA,NA,NA,NA,NA,NA,NA,NA,NA,NA,NA,NA,NA,NA,NA,NA,NA,NA,NA,NA,NA,NA,"Cross-situational word learning","CrossSituational","early_language",0.457392358900802,0.0460251618746008,0.441799437574638,0.0429405726425608,0.222940372992898,0.00987447960282141,0.226748146166551,0.0476190476190476,0.829617969779863,0.15141671339947,"group_means_one",2459.552,24,"roembke2018 41","",80.8082958582312,"2018"
"47","roembke2018","Roembke, T. C., Wiggs, K. K., & McMurray, B. (2018). Symbolic flexibility during unsupervised word learning in children and adults. Journal of Experimental Child Psychology, 175, 17–36. https://doi.org/10.1016/j.jecp.2018.05.016","Roembke, Wiggs, & McMurray (2018)","yes","Rodrigo Dal Ben",1,"sound","42","behavior","test_only","forced-choice","target_selection","within_one","american_english","typical","roembke2018_sound",NA,23,NA,2459.552,NA,0.57,0.33,0.4374812263,NA,NA,NA,NA,NA,NA,NA,"artificial",NA,"https://doi. org/10.1016/j.jecp.2018.05.017",NA,NA,2,NA,0.4347826087,NA,360,NA,NA,NA,NA,NA,NA,NA,NA,NA,NA,NA,NA,NA,NA,NA,NA,NA,NA,NA,NA,NA,NA,NA,NA,NA,NA,NA,NA,NA,NA,NA,NA,NA,NA,NA,NA,NA,NA,NA,NA,NA,NA,NA,NA,NA,NA,NA,NA,NA,NA,NA,NA,NA,NA,NA,NA,NA,NA,NA,NA,NA,NA,NA,NA,NA,NA,NA,NA,NA,NA,NA,NA,NA,NA,NA,NA,NA,NA,NA,NA,"Cross-situational word learning","CrossSituational","early_language",0.54859496950258,0.0500207921861638,0.529002292020345,0.0465116804894304,0.264526568894276,0.0100594773187976,0.270969330732625,0.05,0.99504120690587,0.164561810235513,"group_means_one",2459.552,23,"roembke2018 42","",80.8082958582312,"2018"
"48","ramscar2013","Ramscar, M., Dye, M., & Klein, J. (2013). Children Value Informativity Over Logic in Word Learning. Psychological Science, 24(6), 1017–1023. https://doi.org/10.1177/0956797612460691","Ramscar, Dye, & Klein (2013)","yes","Rodrigo Dal Ben",1,"object_1","43","behavior","familiarization","forced-choice","target_selection","within_one","american_english","typical","ramscar2013_obj_1",NA,21,NA,852.32,NA,67,33,41.83891609,NA,4.532,NA,NA,NA,NA,NA,"artificial",NA,"http://pss .sagepub.com/content/by/supplemental-data",365.28,NA,NA,NA,0.5714285714,NA,18,NA,NA,NA,NA,NA,NA,NA,NA,NA,NA,NA,NA,NA,NA,NA,NA,NA,NA,NA,NA,NA,NA,NA,NA,NA,NA,NA,NA,NA,NA,NA,NA,NA,NA,NA,NA,NA,NA,NA,NA,NA,NA,NA,NA,NA,NA,NA,NA,NA,NA,NA,NA,NA,NA,NA,NA,NA,NA,NA,NA,NA,NA,NA,NA,NA,NA,NA,NA,NA,NA,NA,NA,NA,NA,NA,NA,NA,NA,NA,NA,"Cross-situational word learning","CrossSituational","early_language",0.812640555191782,0.063342492189105,0.780562638539475,0.0584404676031406,0.37643293130558,0.0100126684048667,0.395897135953665,0.0555555555555556,1.4739669223578,0.208388446561853,"group_means_one",852.32,21,"ramscar2013 43","",28.0028748023573,"2013"
"49","ramscar2013","Ramscar, M., Dye, M., & Klein, J. (2013). Children Value Informativity Over Logic in Word Learning. Psychological Science, 24(6), 1017–1023. https://doi.org/10.1177/0956797612460691","Ramscar, Dye, & Klein (2013)","yes","Rodrigo Dal Ben",1,"object_2","43","behavior","familiarization","forced-choice","target_selection","within_one","american_english","typical","ramscar2013_obj_2",NA,21,NA,852.32,NA,17,33,41.28900701,NA,2.858,NA,NA,NA,NA,NA,"artificial",NA,"http://pss .sagepub.com/content/by/supplemental-data",365.28,NA,NA,NA,0.5714285714,NA,18,NA,NA,NA,NA,NA,NA,NA,NA,NA,NA,NA,NA,NA,NA,NA,NA,NA,NA,NA,NA,NA,NA,NA,NA,NA,NA,NA,NA,NA,NA,NA,NA,NA,NA,NA,NA,NA,NA,NA,NA,NA,NA,NA,NA,NA,NA,NA,NA,NA,NA,NA,NA,NA,NA,NA,NA,NA,NA,NA,NA,NA,NA,NA,NA,NA,NA,NA,NA,NA,NA,NA,NA,NA,NA,NA,NA,NA,NA,NA,NA,"Cross-situational word learning","CrossSituational","early_language",-0.387512346715553,0.0511944242584999,-0.372215806713623,0.0472325288908493,-0.190218529381687,0.0114589888884792,-0.192563892737674,0.0555555555555556,-0.702869648105579,0.168422904990975,"group_means_one",852.32,21,"ramscar2013 43","",28.0028748023573,"2013"
"50","ramscar2013","Ramscar, M., Dye, M., & Klein, J. (2013). Children Value Informativity Over Logic in Word Learning. Psychological Science, 24(6), 1017–1023. https://doi.org/10.1177/0956797612460691","Ramscar, Dye, & Klein (2013)","yes","Rodrigo Dal Ben",1,"object_3","43","behavior","familiarization","forced-choice","target_selection","within_one","american_english","typical","ramscar2013_obj_3",NA,21,NA,852.32,NA,62,33,41.83891609,NA,3.421,NA,NA,NA,NA,NA,"artificial",NA,"http://pss .sagepub.com/content/by/supplemental-data",365.28,NA,NA,NA,0.5714285714,NA,18,NA,NA,NA,NA,NA,NA,NA,NA,NA,NA,NA,NA,NA,NA,NA,NA,NA,NA,NA,NA,NA,NA,NA,NA,NA,NA,NA,NA,NA,NA,NA,NA,NA,NA,NA,NA,NA,NA,NA,NA,NA,NA,NA,NA,NA,NA,NA,NA,NA,NA,NA,NA,NA,NA,NA,NA,NA,NA,NA,NA,NA,NA,NA,NA,NA,NA,NA,NA,NA,NA,NA,NA,NA,NA,NA,NA,NA,NA,NA,NA,"Cross-situational word learning","CrossSituational","early_language",0.693134591192991,0.0590579895597208,0.665774015224847,0.0544875391904003,0.327459395110205,0.0105060130174378,0.339979838244573,0.0555555555555556,1.25720708083459,0.194292997892703,"group_means_one",852.32,21,"ramscar2013 43","",28.0028748023573,"2013"
