"unique_row","study_ID","short_cite","long_cite","peer_reviewed","coder","expt_unique","same_sample","task_type","participant_design","native_language","group_name_1","group_name_2","n_1","n_2","feature","unit","x_1","x_2","SD_1","SD_2","expt_num","expt_condition","n_1_M","n_2_M","n_1_F","n_2_F","mean_age_1","mean_age_2","sd_age_1","sd_age_2","mean_education_1","mean_education_2","sd_education_1","sd_education_2","mean_total_task_duration_1","mean_total_task_duration_2","sd_total_task_duration_1","sd_total_task_duration_2","task_type_specification","native_language_specification","diagnosis_specification","feature_specification","prosody_type","notes","dataset","short_name","domain","d_calc","d_var_calc","g_calc","g_var_calc","r_calc","r_var_calc","z_calc","z_var_calc","log_odds_calc","log_odds_var_calc","es_method","mean_age","n","same_sample_calc","all_mod"
"1","Pinheiro2016","Pinheiro et al. (2016)","Pinheiro, A.P., Rezaii, N., Rauber, A., Niznikiewicz, M., 2016. Is this my voice or yours? The role of emotion and acoustic quality in self-other voice discrimination in schizophrenia. Cogn. Neuropsychiatry 21, 335–353.","yes","LNJ, ND","Pinheiro et al. (2016)","A","constrained","between",NA,"SZ","HC",17,18,"speech_duration","Mean words duration (ms)",666.416666666667,625.496666666667,64.4666666666667,62.1133333333333,NA,NA,12,13,5,5,48.29,49.53,8.49,4.48,13.69,15.06,2.33,1.91,NA,NA,NA,NA,NA,NA,NA,NA,NA,NA,"Voice patterns in schizophrenia: A systematic review and Bayesian meta-analysis","schizophrenia_parola_2020","Schizophrenia",0.646800300768634,0.120355522525526,0.631640918719369,0.114779970670248,0.307595213988914,0.0223126683810018,0.317887139605251,0.0714285714285714,1.17316597432065,0.395953798271113,"between",48.9277142857143,17.5,"Pinheiro2016 A",""
"2","Rapcan2010","Rapcan et al. (2010)","Rapcan, V., D’Arcy, S., Yeap, S., Afzal, N., Thakore, J., & Reilly, R. B. (2010). Acoustic and temporal analysis of speech: A potential biomarker for schizophrenia. Medical engineering & physics, 32(9), 1074-1079.","yes","LNJ, ND","Rapcan et al. (2010)","F","constrained","between",NA,"SZ","HC",39,18,"speech_duration","Mean utterance duration (ms)",2690,3020,630,480,NA,NA,27,8,12,10,42.3,40.5,13.5,12.9,NA,NA,NA,NA,222.15,194.58,42.8,30.64,NA,NA,NA,NA,NA,NA,"Voice patterns in schizophrenia: A systematic review and Bayesian meta-analysis","schizophrenia_parola_2020","Schizophrenia",-0.56147433992239,0.0839619622000135,-0.553676085201246,0.0816458818384005,-0.252530863749118,0.0148872706386342,-0.258114229627673,0.0277777777777778,-1.01840180078506,0.276223783884451,"between",41.7315789473684,28.5,"Rapcan2010 F",""
"4","Pinheiro2017","Pinheiro et al. (2017)","Pinheiro, A. P., Rezaii, N., Rauber, A., Nestor, P. G., Spencer, K. M., & Niznikiewicz, M. (2017). Emotional self–other voice processing in schizophrenia and its relationship with hallucinations: ERP evidence. Psychophysiology, 54(9), 1252-1265.","yes","LNJ, ND","Pinheiro et al. (2017)","V","constrained","between",NA,"SZ","HC",15,16,"speech_duration","Mean words duration (ms)",666.416666666667,613.39,74.44,51.38,NA,NA,11,11,4,5,47.4,48.63,8.48,5.08,13.86,15.31,2.35,1.74,NA,NA,NA,NA,NA,NA,NA,NA,NA,NA,"Voice patterns in schizophrenia: A systematic review and Bayesian meta-analysis","schizophrenia_parola_2020","Schizophrenia",0.834203907703109,0.140390798273556,0.811859160175347,0.132970589468122,0.384786997585524,0.0216796339795903,0.405666530602484,0.0833333333333333,1.5130785174336,0.461867213504379,"between",48.0348387096774,15.5,"Pinheiro2017 V",""
"5","Kliper2015","Kliper et al. (2015)","Kliper, R., Portuguese, S., & Weinshall, D. (2015, September). Prosodic analysis of speech and the underlying mental state. In International Symposium on Pervasive Computing Paradigms for Mental Health (pp. 52-62). Springer, Cham.",NA,"LNJ, ND","Kliper et al. (2015)","AO","social","between",NA,"SZ","HC",22,20,"speech_duration","Utterance duration is ms",1260,1350,50,70,NA,NA,13,10,9,10,NA,NA,NA,NA,NA,NA,NA,NA,NA,NA,NA,NA,NA,NA,NA,NA,NA,NA,"Voice patterns in schizophrenia: A systematic review and Bayesian meta-analysis","schizophrenia_parola_2020","Schizophrenia",-1.49173547429654,0.121945911231626,-1.46304825363699,0.117300782216516,-0.59744190763356,0.00808876548162062,-0.689159702868461,0.0526315789473684,-2.7057088548847,0.401185967395501,"between",NA,21,"Kliper2015 AO",""
"6","Cohen2008","Cohen et al. (2008)","Cohen, A. S., Alpert, M., Nienow, T. M., Dinzeo, T. J., & Docherty, N. M. (2008). Computerized measurement of negative symptoms in schizophrenia. Journal of psychiatric research, 42(10), 827-836.","yes","LNJ, ND","Cohen et al. (2008)","K","free","between",NA,"SZ","HC",60,19,"speech_rate","mean number of words/s",2.113,2.31,0.551,0.59,NA,NA,44,13,16,6,41.5476666666667,38.32,8.215,10.97,12.0013333333333,14.21,1.89166666666667,1.44,NA,NA,NA,NA,NA,NA,NA,NA,NA,NA,"Voice patterns in schizophrenia: A systematic review and Bayesian meta-analysis","schizophrenia_parola_2020","Schizophrenia",-0.351559692560322,0.0700804874965231,-0.348090353489003,0.0687041448198634,-0.148585555573437,0.0119718392138049,-0.149693746960347,0.0175438596491228,-0.637658746856289,0.230555562608724,"between",40.7713924050633,39.5,"Cohen2008 K",""
"7","Alpert2000","Alpert et al. (2000)","Alpert, M., Rosenberg, S. D., Pouget, E. R., & Shaw, R. J. (2000). Prosody and lexical accuracy in flat affect schizophrenia. Psychiatry research, 97(2-3), 107-118.","yes","LNJ, ND","Alpert et al. (2000)","P","social","between",NA,"SZ","HC",46,20,"speech_rate",NA,1.66304347826087,2.54366666666667,0.609668115942029,1.29576666666667,NA,NA,46,20,0,0,40.9869565217391,41.1,9.40130434782609,13.58,12.7086956521739,13.1,2.29130434782609,1.89,300,300,NA,NA,NA,NA,NA,NA,NA,NA,"Voice patterns in schizophrenia: A systematic review and Bayesian meta-analysis","schizophrenia_parola_2020","Schizophrenia",-1.01027391578501,0.0794713530477794,-0.998246845358995,0.0775904409220737,-0.421114335517401,0.00934492906802761,-0.449045799381681,0.0232558139534884,-1.83243418615326,0.26145027193363,"between",41.0212121212121,33,"Alpert2000 P",""
"9","Mandal1990","Mandal et al. (1990)","Mandal, M. K., Srivastava, P., & Singh, S. K. (1990). Paralinguistic characteristics of speech in schizophrenics and depressives. Journal of psychiatric research, 24(2), 191-196.","yes","LNJ, ND","Mandal et al. (1990)","X","free","between",NA,"SZ","HC",40,60,"speech_rate","words/sec",0.277738095238095,0.374285714285714,0.0264285714285714,0.0315119047619048,NA,NA,22,33,18,27,27.38,26.1,6.25,7.01,15,20.1,NA,NA,120,120,NA,NA,NA,NA,NA,NA,NA,NA,"Voice patterns in schizophrenia: A systematic review and Bayesian meta-analysis","schizophrenia_parola_2020","Schizophrenia",-3.26243482317828,0.0948840715440983,-3.23720981165886,0.0934224645593578,-0.847738974403158,0.000507098895744573,-1.24806083646334,0.027027027027027,-5.91740220813634,0.312156083368303,"between",26.612,50,"Mandal1990 X",""
"10","Tavano2008","Tavano et al. (2008)","Tavano, A., Sponda, S., Fabbro, F., Perlini, C., Rambaldelli, G., Ferro, A., ... & Brambilla, P. (2008). Specific linguistic and pragmatic deficits in Italian patients with schizophrenia. Schizophrenia Research, 102(1-3), 53-62.","yes","LNJ, ND","Tavano et al. (2008)","Y","free","between",NA,"SZ","HC",37,37,"speech_rate","speech fluency(words per sec)",1.727,2.02333333333333,0.655833333333333,0.4595,NA,"narrative",11,16,26,21,39.73,38.16,13.05,11.8,9.56756756756757,13.0540540540541,3.29596167504469,3.42333451757482,NA,NA,NA,NA,NA,NA,NA,NA,NA,NA,"Voice patterns in schizophrenia: A systematic review and Bayesian meta-analysis","schizophrenia_parola_2020","Schizophrenia",-0.523334345537254,0.0559045867379656,-0.517806165830875,0.0547297420330354,-0.253144289394736,0.0114577886308089,-0.258769547713989,0.0294117647058824,-0.949223503217402,0.183918718436702,"between",38.945,37,"Tavano2008 Y",""
"11","Tavano2008","Tavano et al. (2008)","Tavano, A., Sponda, S., Fabbro, F., Perlini, C., Rambaldelli, G., Ferro, A., ... & Brambilla, P. (2008). Specific linguistic and pragmatic deficits in Italian patients with schizophrenia. Schizophrenia Research, 102(1-3), 53-62.","yes","LNJ, ND","Tavano et al. (2008).1","Z","social","between",NA,"SZ","HC",21,21,"speech_rate","speech fluency(words per sec)",1.61416666666667,2.0375,0.310333333333333,0.271166666666667,NA,"conversational",8,8,13,13,38.1,37.1,13.32,11.93,9.85714285714286,12.4285714285714,3.30583899011604,3.50102025945907,NA,NA,NA,NA,NA,NA,NA,NA,NA,NA,"Voice patterns in schizophrenia: A systematic review and Bayesian meta-analysis","schizophrenia_parola_2020","Schizophrenia",-1.45271310053988,0.12036161133905,-1.42477631014488,0.115776831025469,-0.587686762436882,0.008441202292927,-0.674125011825135,0.0555555555555556,-2.63493009817395,0.395973829664697,"between",37.6,21,"Tavano2008 Z",""
"12","Perlini2012","Perlini et al. (2012)","Perlini, C., Marini, A., Garzitto, M., Isola, M., Cerruti, S., Marinelli, V., ... & Bellani, M. (2012). Linguistic production and syntactic comprehension in schizophrenia and bipolar disorder. Acta Psychiatrica Scandinavica, 126(5), 363-376.","yes","LNJ, ND","Perlini et al. (2012)","AA","free","between",NA,"SZ","HC",30,30,"speech_rate","speech fluency(words per sec)",1.92533333333333,2.25483333333333,0.474833333333333,0.46345,NA,NA,24,17,6,13,39.7,38.53,10.88,12.71,10.27,12.13,2.61,3.27,NA,NA,NA,NA,NA,NA,NA,NA,NA,NA,"Voice patterns in schizophrenia: A systematic review and Bayesian meta-analysis","schizophrenia_parola_2020","Schizophrenia",-0.702294801223639,0.0707768165652146,-0.693054080154907,0.0689265223648428,-0.331314702847148,0.0124835625295998,-0.344304344872918,0.037037037037037,-1.27382186396443,0.232846393422379,"between",39.115,30,"Perlini2012 AA",""
"13","Rutter1977","Rutter et al. (1977)","Rutter, D. R. (1977). Speech patterning in recently admitted and chronic long-stay schizophrenic patients. British Journal of Social and Clinical Psychology, 16(1), 47-55.","yes","LNJ, ND","Rutter et al. (1977)","AB","social","between",NA,"SZ","HC",12,12,"speech_rate","words/sec",3.1,2.7,0.6,0.4,NA,"normal_partner condition",6,6,6,6,NA,NA,NA,NA,NA,NA,NA,NA,NA,NA,NA,NA,NA,NA,NA,NA,NA,NA,"Voice patterns in schizophrenia: A systematic review and Bayesian meta-analysis","schizophrenia_parola_2020","Schizophrenia",0.784464540552736,0.179487179487179,0.75644794981871,0.166895604395604,0.365148371670111,0.0292098765432099,0.382813541744368,0.111111111111111,1.42286128491884,0.590489152201927,"between",NA,12,"Rutter1977 AB",""
"14","Rutter1977","Rutter et al. (1977)","Rutter, D. R. (1977). Speech patterning in recently admitted and chronic long-stay schizophrenic patients. British Journal of Social and Clinical Psychology, 16(1), 47-55.","yes","LNJ, ND","Rutter et al. (1977).1","AB","social","between",NA,"SZ","HC",12,12,"speech_rate","words/sec",3.2,2.8,0.7,0.6,NA,"patient_partner condition",6,6,6,6,NA,NA,NA,NA,NA,NA,NA,NA,600,NA,NA,NA,NA,NA,NA,NA,NA,NA,"Voice patterns in schizophrenia: A systematic review and Bayesian meta-analysis","schizophrenia_parola_2020","Schizophrenia",0.613571991077897,0.174509803921569,0.591658705682258,0.162267406962785,0.293294230042707,0.0333094736955523,0.302166748338409,0.111111111111111,1.11289648732901,0.574114242939185,"between",NA,12,"Rutter1977 AB",""
"16","St-Hilaire2008","St-Hilaire et al. (2008)","St-Hilaire, A., Cohen, A. S., & Docherty, N. M. (2008). Emotion word use in the conversational speech of schizophrenia patients. Cognitive neuropsychiatry, 13(4), 343-356.","yes","LNJ, ND","St-Hilaire et al. (2008)","AD","social","between",NA,"SZ","HC",48,48,"speech_rate","words/s",1.69166666666667,2.33166666666667,0.713333333333333,0.685,NA,NA,31,26,17,22,34,37,8.9,6.9,12.3,14.4,1.6,1.7,600,600,NA,NA,NA,NA,NA,NA,NA,NA,"Voice patterns in schizophrenia: A systematic review and Bayesian meta-analysis","schizophrenia_parola_2020","Schizophrenia",-0.91518759770322,0.0460290017655718,-0.907807052560452,0.0452895920727976,-0.416098901703268,0.00650534298989686,-0.442964750697653,0.0222222222222222,-1.65996668286914,0.151429346134412,"between",35.5,48,"St-Hilaire2008 AD",""
"17","Docherty2012","Docherty et al. (2012)","Docherty, N. M. (2012). Missing referents, psychotic symptoms, and discriminating the internal from the externalized. Journal of abnormal psychology, 121(2), 416.","yes","LNJ, ND","Docherty et al. (2012)","AF","social","between",NA,"SZ","HC",53,23,"speech_rate","words/s",2.15,2.21333333333333,0.581666666666667,0.431666666666667,NA,NA,32,12,21,11,39.73,38,8.79,9,11.74,15,1.9,2,600,600,NA,NA,NA,NA,NA,NA,NA,NA,"Voice patterns in schizophrenia: A systematic review and Bayesian meta-analysis","schizophrenia_parola_2020","Schizophrenia",-0.116974090471303,0.0624362047257723,-0.11577230187057,0.061159859435415,-0.0536601373086824,0.0130633953188316,-0.0537117296560459,0.02,-0.212167530928725,0.205406880316266,"between",39.2064473684211,38,"Docherty2012 AF",""
"20","Salomè2002","Salomè et al. (2002)","Salomé, F., Boyer, P., & Fayol, M. (2002). Written but not oral verbal production is preserved in young schizophrenic patients. Psychiatry research, 111(2-3), 137-145.","yes","LNJ, ND","Salomè et al. (2002)","AL","free","between",NA,"SZ","HC",10,10,"speech_rate","words/s",1.4,1.9,0.5,0.29,NA,NA,9,9,1,1,24.2,21,3.1,1.6,12.9,13.2,0.8,1.1,52.9,34.2,NA,NA,NA,NA,NA,NA,NA,NA,"Voice patterns in schizophrenia: A systematic review and Bayesian meta-analysis","schizophrenia_parola_2020","Schizophrenia",-1.22333883972977,0.237413947919785,-1.16936800856522,0.216927753019267,-0.521796738396536,0.0228746146810107,-0.578805552450532,0.142857142857143,-2.21889120974488,0.781060581756368,"between",22.6,10,"Salomè2002 AL",""
"23","Martínez2015","Martínez et al. (2015)","Martínez-Sánchez, F., Muela-Martínez, J. A., Cortés-Soto, P., Meilán, J. J. G., Ferrándiz, J. A. V., Caparrós, A. E., & Valverde, I. M. P. (2015). Can the acoustic analysis of expressive prosody discriminate schizophrenia?. The Spanish journal of psychology, 18.","yes","LNJ, ND","Martínez et al. (2015)","D","constrained","between",NA,"SZ","HC",45,35,"speech_percentage","Non-Pause rate % > 300 ms",62.36,71.42,10.69,5.98,NA,NA,32,22,13,13,39.49,35.34,10.89,10.48,10.4,11.6571,NA,3.34262,124.12,83.85,43.15,15.65,NA,NA,NA,NA,NA,NA,"Voice patterns in schizophrenia: A systematic review and Bayesian meta-analysis","schizophrenia_parola_2020","Schizophrenia",-1.0126141277668,0.0572023218671066,-1.0027510031457,0.0560934178580662,-0.448882734553014,0.00716714191209548,-0.48330020052442,0.0238095238095238,-1.83667886115802,0.188188095884042,"between",37.674375,40,"Martínez2015 D",""
"25","Rapcan2010","Rapcan et al. (2010)","Rapcan, V., D’Arcy, S., Yeap, S., Afzal, N., Thakore, J., & Reilly, R. B. (2010). Acoustic and temporal analysis of speech: A potential biomarker for schizophrenia. Medical engineering & physics, 32(9), 1074-1079.","yes","LNJ, ND","Rapcan et al. (2010)","F","constrained","between",NA,"SZ","HC",39,18,"speech_percentage","(total length of utterenances (s)/total time recording ) * 100",81.0988017182907,84.2943776338781,16.1790639837215,13.0845924555453,NA,NA,27,8,12,10,42.3,40.5,13.5,12.9,NA,NA,NA,NA,222.15,194.58,42.8,30.64,NA,NA,NA,NA,NA,NA,"Voice patterns in schizophrenia: A systematic review and Bayesian meta-analysis","schizophrenia_parola_2020","Schizophrenia",-0.209003084093116,0.0815797591716727,-0.206100263480711,0.0793293915864973,-0.0966955549830771,0.0171368309043393,-0.096998625833005,0.0277777777777778,-0.379089661051084,0.268386650053517,"between",41.7315789473684,28.5,"Rapcan2010 F",""
"26","Cannizzaro2005","Cannizzaro et al. (2005)","Cannizzaro, M. S., Cohen, H., Rappard, F., & Snyder, P. J. (2005). Bradyphrenia and bradykinesia both contribute to altered speech in schizophrenia: a quantitative acoustic study. Cognitive and behavioral neurology, 18(4), 206-210.","yes","LNJ, ND","Cannizzaro et al. (2005)","G","constrained","between",NA,"SZ","HC",13,6,"speech_percentage","% non-pause",82.02,80.58,3.18,4.5,NA,"_a_rote_speech_confition",9,4,4,2,NA,NA,NA,NA,NA,NA,NA,NA,NA,NA,NA,NA,NA,NA,NA,NA,NA,NA,"Voice patterns in schizophrenia: A systematic review and Bayesian meta-analysis","schizophrenia_parola_2020","Schizophrenia",0.39794728254826,0.247757165686784,0.379293503678811,0.225074319707159,0.181891944015922,0.048392599293941,0.183938675103144,0.1,0.721796528084769,0.815088404287904,"between",NA,9.5,"Cannizzaro2005 G",""
"27","Cannizzaro2005","Cannizzaro et al. (2005)","Cannizzaro, M. S., Cohen, H., Rappard, F., & Snyder, P. J. (2005). Bradyphrenia and bradykinesia both contribute to altered speech in schizophrenia: a quantitative acoustic study. Cognitive and behavioral neurology, 18(4), 206-210.","yes","LNJ, ND","Cannizzaro et al. (2005).1","G","free","between",NA,"SZ","HC",13,6,"speech_percentage","% non-pause",67.46,81.81,11.1,3.89,NA,"_b_free_speech condition",9,4,4,2,NA,NA,NA,NA,NA,NA,NA,NA,90,90,NA,NA,NA,NA,NA,NA,NA,NA,"Voice patterns in schizophrenia: A systematic review and Bayesian meta-analysis","schizophrenia_parola_2020","Schizophrenia",-1.50080972062243,0.302864212471711,-1.43045926496825,0.275136165675595,-0.57215194089248,0.019915334557509,-0.650716246180878,0.1,-2.72216771710149,0.996383321447754,"between",NA,9.5,"Cannizzaro2005 G",""
"28","Alpert2000","Alpert et al. (2000)","Alpert, M., Rosenberg, S. D., Pouget, E. R., & Shaw, R. J. (2000). Prosody and lexical accuracy in flat affect schizophrenia. Psychiatry research, 97(2-3), 107-118.","yes","LNJ, ND","Alpert et al. (2000)","P","social","between",NA,"SZ","HC",46,20,"speech_percentage","% time talking",60.2913043478261,67.3,11.164347826087,7.28,NA,NA,46,20,0,0,40.9869565217391,41.1,9.40130434782609,13.58,12.7086956521739,13.1,2.29130434782609,1.89,300,300,NA,NA,NA,NA,NA,NA,NA,NA,"Voice patterns in schizophrenia: A systematic review and Bayesian meta-analysis","schizophrenia_parola_2020","Schizophrenia",-0.689339349547369,0.0753390451229219,-0.681132928719424,0.0735559356365943,-0.302005882719099,0.0119430209548681,-0.311725333106604,0.0232558139534884,-1.25032327395065,0.24785552377302,"between",41.0212121212121,33,"Alpert2000 P",""
"29","Resnick1984","Resnick et al. (1984)","Resnick, H. S., & Oltmanns, T. F. (1984). Hesitation patterns in the speech of thought-disordered schizophrenic and manic patients. Journal of Abnormal Psychology, 93(1), 80.","yes","LNJ, ND","Resnick et al. (1984)","W","social","between",NA,"SZ","HC",10,20,"speech_percentage","% (TOTAL Non-HESITATION DURATION/TOTAL SPEECH DURATION)",82,85.25,6,4.25,NA,NA,6,10,4,10,28,26.2,7.5,3.52,11.4,14,1.9,0.96,240,240,NA,NA,NA,NA,NA,NA,NA,NA,"Voice patterns in schizophrenia: A systematic review and Bayesian meta-analysis","schizophrenia_parola_2020","Schizophrenia",-0.665791775651059,0.157387978142077,-0.647297559660752,0.148765642919787,-0.299454523880319,0.0263846475641475,-0.308920287597485,0.142857142857143,-1.20761269938826,0.517785693916531,"between",26.8,15,"Resnick1984 W",""
"30","Mandal1990","Mandal et al. (1990)","Mandal, M. K., Srivastava, P., & Singh, S. K. (1990). Paralinguistic characteristics of speech in schizophrenics and depressives. Journal of psychiatric research, 24(2), 191-196.","yes","LNJ, ND","Mandal et al. (1990)","X","free","between",NA,"SZ","HC",40,60,"speech_percentage","total time subject speaks out time alloted",32.5595238095238,42.8809523809524,3.31547619047619,2.71309523809524,NA,NA,22,33,18,27,27.38,26.1,6.25,7.01,15,20.1,NA,NA,120,120,NA,NA,NA,NA,NA,NA,NA,NA,"Voice patterns in schizophrenia: A systematic review and Bayesian meta-analysis","schizophrenia_parola_2020","Schizophrenia",-3.47815287016372,0.102154403607807,-3.4512599356006,0.100580803451265,-0.86244642295425,0.000412225985429685,-1.30281634559339,0.027027027027027,-6.30867146461238,0.336074517146091,"between",26.612,50,"Mandal1990 X",""
"31","Rutter1977","Rutter et al. (1977)","Rutter, D. R. (1977). Speech patterning in recently admitted and chronic long-stay schizophrenic patients. British Journal of Social and Clinical Psychology, 16(1), 47-55.","yes","LNJ, ND","Rutter et al. (1977)","AB","social","between",NA,"SZ","HC",12,12,"speech_percentage","% time speaking",42.7,58.1,18.6,10.2,NA,"normal_partner condition",6,6,6,6,NA,NA,NA,NA,NA,NA,NA,NA,NA,NA,NA,NA,NA,NA,NA,NA,NA,NA,"Voice patterns in schizophrenia: A systematic review and Bayesian meta-analysis","schizophrenia_parola_2020","Schizophrenia",-1.02666666666667,0.188625925925926,-0.99,0.175393239795918,-0.456677834917407,0.023377830052447,-0.493105608262381,0.111111111111111,-1.86216734728046,0.620554422892691,"between",NA,12,"Rutter1977 AB",""
"32","Rutter1977","Rutter et al. (1977)","Rutter, D. R. (1977). Speech patterning in recently admitted and chronic long-stay schizophrenic patients. British Journal of Social and Clinical Psychology, 16(1), 47-55.","yes","LNJ, ND","Rutter et al. (1977).1","AB","social","between",NA,"SZ","HC",12,12,"speech_percentage","% time speaking",37.3,49.8,19.1,20.5,NA,"patient_partner condition",6,6,6,6,NA,NA,NA,NA,NA,NA,NA,NA,600,NA,NA,NA,NA,NA,NA,NA,NA,NA,"Voice patterns in schizophrenia: A systematic review and Bayesian meta-analysis","schizophrenia_parola_2020","Schizophrenia",-0.630918970314043,0.174959557231294,-0.608386149945684,0.162685608701038,-0.30084519036398,0.0329059607355261,-0.310448643952319,0.111111111111111,-1.14436042723892,0.575593872020876,"between",NA,12,"Rutter1977 AB",""
"34","Rochester1977","Rochester et al. (1977)","Rochester, S. R., Thurston, S., & Rupp, J. (1977). Hesitations as clues to failures in coherence: A study of the thought-disordered speaker. Sentence Production: Developments in theory and research.",NA,"LNJ, ND","Rochester et al. (1977)","AH","social","between",NA,"SZ","HC",40,20,"speech_percentage","Non-hesitation ratios: hesitation ratios were computed by dividing
the total hesitation durations per subject by
total speech duration per subject",78.5,88,11,9.5,NA,NA,NA,NA,NA,NA,25.55,29.9,7.15,10.9,11.55,15,2.6,2.1,180,180,NA,NA,NA,NA,NA,NA,NA,NA,"Voice patterns in schizophrenia: A systematic review and Bayesian meta-analysis","schizophrenia_parola_2020","Schizophrenia",-0.901997868861312,0.0817800012952529,-0.890129475849978,0.0796420545854913,-0.391301106486878,0.0110383847542394,-0.413335459213052,0.027027027027027,-1.63604316108127,0.269045420234907,"between",27,30,"Rochester1977 AH",""
"35","Kliper2015","Kliper et al. (2015)","Kliper, R., Portuguese, S., & Weinshall, D. (2015, September). Prosodic analysis of speech and the underlying mental state. In International Symposium on Pervasive Computing Paradigms for Mental Health (pp. 52-62). Springer, Cham.",NA,"LNJ, ND","Kliper et al. (2015)","AO","social","between",NA,"SZ","HC",22,20,"speech_percentage","% time speaking",37.16,47.19,2.4,1.98,NA,NA,13,10,9,10,NA,NA,NA,NA,NA,NA,NA,NA,NA,NA,NA,NA,NA,NA,NA,NA,NA,NA,"Voice patterns in schizophrenia: A systematic review and Bayesian meta-analysis","schizophrenia_parola_2020","Schizophrenia",-4.53749080265892,0.340559578599954,-4.45023136414625,0.327587079858905,-0.914885239909326,0.000367781676618623,-1.55670625413269,0.0526315789473684,-8.23009793308136,1.12039610526108,"between",NA,21,"Kliper2015 AO",""
"36","Rapcan2010","Rapcan et al. (2010)","Rapcan, V., D’Arcy, S., Yeap, S., Afzal, N., Thakore, J., & Reilly, R. B. (2010). Acoustic and temporal analysis of speech: A potential biomarker for schizophrenia. Medical engineering & physics, 32(9), 1074-1079.","yes","LNJ, ND","Rapcan et al. (2010)","F","constrained","between",NA,"SZ","HC",39,18,"pause_duration","Mean pause duration (s), > 250 ms",630,570,80,80,NA,NA,27,8,12,10,42.3,40.5,13.5,12.9,NA,NA,NA,NA,222.15,194.58,42.8,30.64,NA,NA,NA,NA,NA,NA,"Voice patterns in schizophrenia: A systematic review and Bayesian meta-analysis","schizophrenia_parola_2020","Schizophrenia",0.75,0.086130791722897,0.739583333333333,0.083754884466652,0.329191099318208,0.0131918153207784,0.341920770785408,0.0277777777777778,1.36034952317566,0.283358947019205,"between",41.7315789473684,28.5,"Rapcan2010 F",""
"37","Cannizzaro2005","Cannizzaro et al. (2005)","Cannizzaro, M. S., Cohen, H., Rappard, F., & Snyder, P. J. (2005). Bradyphrenia and bradykinesia both contribute to altered speech in schizophrenia: a quantitative acoustic study. Cognitive and behavioral neurology, 18(4), 206-210.","yes","LNJ, ND","Cannizzaro et al. (2005)","G","constrained","between",NA,"SZ","HC",13,6,"pause_duration","Average pause, s, > 200ms",530,360,50,80,NA,"_a_rote_speech_confition",9,4,4,2,NA,NA,NA,NA,NA,NA,NA,NA,NA,NA,NA,NA,NA,NA,NA,NA,NA,NA,"Voice patterns in schizophrenia: A systematic review and Bayesian meta-analysis","schizophrenia_parola_2020","Schizophrenia",2.81499441356232,0.452121152757825,2.68304155042659,0.410728224954069,0.794537089403423,0.00489665889071257,1.08361842240969,0.1,5.10583507764222,1.48741897302807,"between",NA,9.5,"Cannizzaro2005 G",""
"38","Cannizzaro2005","Cannizzaro et al. (2005)","Cannizzaro, M. S., Cohen, H., Rappard, F., & Snyder, P. J. (2005). Bradyphrenia and bradykinesia both contribute to altered speech in schizophrenia: a quantitative acoustic study. Cognitive and behavioral neurology, 18(4), 206-210.","yes","LNJ, ND","Cannizzaro et al. (2005).1","G","free","between",NA,"SZ","HC",13,6,"pause_duration",NA,1200,530,120,170,NA,"_b_free_speech condition",9,4,4,2,NA,NA,NA,NA,NA,NA,NA,NA,90,90,NA,NA,NA,NA,NA,NA,NA,NA,"Voice patterns in schizophrenia: A systematic review and Bayesian meta-analysis","schizophrenia_parola_2020","Schizophrenia",4.90415544452,0.87650397053751,4.67427315805812,0.796257635344256,0.915762037536732,0.000795956875929012,1.5621125365199,0.1,8.89515402737615,2.88358248172977,"between",NA,9.5,"Cannizzaro2005 G",""
"39","McGilloway2003","McGilloway et al. (2003)","McGilloway, S., Cooper, S. J., & Douglas-Cowie, E. (2003). Can patients with chronic schizophrenia express emotion? A speech analysis. Schizophrenia research, 64(2-3), 189.","yes","LNJ, ND","McGilloway et al. (2003)","I","constrained","between",NA,"SZ","HC",72,40,"pause_duration","Average pause dur (media e iqr) NR",139.95,99.46,231.758024691358,180.77037037037,NA,NA,38,20,34,20,46,46,13.79,13.52,NA,NA,NA,NA,NA,NA,NA,NA,NA,NA,NA,NA,NA,NA,"Voice patterns in schizophrenia: A systematic review and Bayesian meta-analysis","schizophrenia_parola_2020","Schizophrenia",0.188265874731138,0.0390471212084794,0.186970467336199,0.0385116241701908,0.0898441714512654,0.00874955457798274,0.0900870890087098,0.0144927536231884,0.341476523894337,0.128459879776359,"between",46,56,"McGilloway2003 I",""
"42","Alpert1997","Alpert et al. (1997)","Alpert, M., Kotsaftis, A., & Pouget, E. R. (1997). Speech fluency and schizophrenic negative signs. Schizophrenia Bulletin, 23(2), 171-177.","yes","LNJ, ND","Alpert et al. (1997)","O","social","between",NA,"SZ","HC",19,20,"pause_duration","Mean in-turn pause duration",1600,900,770,210,NA,NA,NA,NA,NA,NA,NA,NA,NA,NA,NA,NA,NA,NA,NA,NA,NA,NA,NA,NA,NA,NA,NA,NA,"Voice patterns in schizophrenia: A systematic review and Bayesian meta-analysis","schizophrenia_parola_2020","Schizophrenia",1.25504516123825,0.122825660444132,1.22889838704579,0.11776123434075,0.531409183170035,0.0113396213150191,0.592106848199006,0.0625,2.27640011553917,0.40408022629537,"between",NA,19.5,"Alpert1997 O",""
"43","Matsumoto2013","Matsumoto et al. (2013)","Matsumoto, K., Kircher, T., Stokes, P., Brammer, M. J., LIddle, P., & McGuire, P. K. (2013). Frequency and neural correlates of pauses in patients with formal thought disorder. Frontiers in psychiatry, 4, 127.","yes","LNJ, ND","Matsumoto et al. (2013)","S","free","between",NA,"SZ","HC",6,6,"pause_duration","mean duration",1150,800,148,156,NA,NA,NA,6,NA,0,34.3,34,11.5,7.9,11.7,13.3,1.7,2.7,1260,1260,NA,NA,NA,NA,NA,NA,NA,NA,"Voice patterns in schizophrenia: A systematic review and Bayesian meta-analysis","schizophrenia_parola_2020","Schizophrenia",2.30183468272037,0.554101787773933,2.11001512582701,0.465599418893374,0.754864523218442,0.0110275452275652,0.98416795700126,0.333333333333333,4.17506628409048,1.8229218144217,"between",34.15,6,"Matsumoto2013 S",""
"45","Resnick1984","Resnick et al. (1984)","Resnick, H. S., & Oltmanns, T. F. (1984). Hesitation patterns in the speech of thought-disordered schizophrenic and manic patients. Journal of Abnormal Psychology, 93(1), 80.","yes","LNJ, ND","Resnick et al. (1984)","W","social","between",NA,"SZ","HC",10,20,"pause_duration","Hesitation duration/frequency duration)",1060,810,300,210,NA,NA,6,10,4,10,28,26.2,7.5,3.52,11.4,14,1.9,0.96,240,240,NA,NA,NA,NA,NA,NA,NA,NA,"Voice patterns in schizophrenia: A systematic review and Bayesian meta-analysis","schizophrenia_parola_2020","Schizophrenia",1.03051329106464,0.167699294051014,1.0018879218684,0.15851206420717,0.436958064281701,0.0197366404919169,0.468464795642583,0.142857142857143,1.86914435216795,0.551708563541823,"between",26.8,15,"Resnick1984 W",""
"46","Rochester1977","Rochester et al. (1977)","Rochester, S. R., Thurston, S., & Rupp, J. (1977). Hesitations as clues to failures in coherence: A study of the thought-disordered speaker. Sentence Production: Developments in theory and research.",NA,"LNJ, ND","Rochester et al. (1977)","AH","social","between",NA,"SZ","HC",40,20,"pause_duration",NA,685,310,380,64,NA,NA,NA,NA,NA,NA,25.55,29.9,7.15,10.9,11.55,15,2.6,2.1,180,180,NA,NA,NA,NA,NA,NA,NA,NA,"Voice patterns in schizophrenia: A systematic review and Bayesian meta-analysis","schizophrenia_parola_2020","Schizophrenia",1.19522348041705,0.0869046597345021,1.17949685567472,0.0846327408252379,0.490879094801429,0.00844540761167581,0.537217849178076,0.027027027027027,2.16789558889826,0.285904870730272,"between",27,30,"Rochester1977 AH",""
"48","Kliper2015","Kliper et al. (2015)","Kliper, R., Portuguese, S., & Weinshall, D. (2015, September). Prosodic analysis of speech and the underlying mental state. In International Symposium on Pervasive Computing Paradigms for Mental Health (pp. 52-62). Springer, Cham.",NA,"LNJ, ND","Kliper et al. (2015)","AO","social","between",NA,"SZ","HC",22,20,"pause_duration",NA,2440,1730,220,100,NA,NA,13,10,9,10,NA,NA,NA,NA,NA,NA,NA,NA,NA,NA,NA,NA,NA,NA,NA,NA,NA,NA,"Voice patterns in schizophrenia: A systematic review and Bayesian meta-analysis","schizophrenia_parola_2020","Schizophrenia",4.0882992773808,0.294433009519216,4.00967813743117,0.283217550946554,0.898076666457621,0.000531744128321594,1.4621877364553,0.0526315789473684,7.41535463011251,0.968645775525614,"between",NA,21,"Kliper2015 AO",""
"49","Rapcan2010","Rapcan et al. (2010)","Rapcan, V., D’Arcy, S., Yeap, S., Afzal, N., Thakore, J., & Reilly, R. B. (2010). Acoustic and temporal analysis of speech: A potential biomarker for schizophrenia. Medical engineering & physics, 32(9), 1074-1079.","yes","LNJ, ND","Rapcan et al. (2010)","F","constrained","between",NA,"SZ","HC",39,18,"pause_number","Number of pauses>250ms",68.72,54.05,19.77,8.94,NA,NA,27,8,12,10,42.3,40.5,13.5,12.9,NA,NA,NA,NA,222.15,194.58,42.8,30.64,NA,NA,NA,NA,NA,NA,"Voice patterns in schizophrenia: A systematic review and Bayesian meta-analysis","schizophrenia_parola_2020","Schizophrenia",0.854486220187824,0.0876013768149222,0.842618356018549,0.0851849036504674,0.369138591291152,0.0121967031147143,0.387425427356699,0.0277777777777778,1.54986656292358,0.288196978051348,"between",41.7315789473684,28.5,"Rapcan2010 F",""
"50","Cannizzaro2005","Cannizzaro et al. (2005)","Cannizzaro, M. S., Cohen, H., Rappard, F., & Snyder, P. J. (2005). Bradyphrenia and bradykinesia both contribute to altered speech in schizophrenia: a quantitative acoustic study. Cognitive and behavioral neurology, 18(4), 206-210.","yes","LNJ, ND","Cannizzaro et al. (2005)","G","constrained","between",NA,"SZ","HC",13,6,"pause_number","Number of pauses>200ms",17.08,20,12.63,13.86,NA,"_a_rote_speech_confition",9,4,4,2,NA,NA,NA,NA,NA,NA,NA,NA,NA,NA,NA,NA,NA,NA,NA,NA,NA,NA,"Voice patterns in schizophrenia: A systematic review and Bayesian meta-analysis","schizophrenia_parola_2020","Schizophrenia",-0.224548928591732,0.244916644151104,-0.214023197563995,0.222493855685122,-0.103813004325254,0.0512257272607889,-0.104188370310291,0.1,-0.407286703919159,0.805743463004591,"between",NA,9.5,"Cannizzaro2005 G",""
"51","Cannizzaro2005","Cannizzaro et al. (2005)","Cannizzaro, M. S., Cohen, H., Rappard, F., & Snyder, P. J. (2005). Bradyphrenia and bradykinesia both contribute to altered speech in schizophrenia: a quantitative acoustic study. Cognitive and behavioral neurology, 18(4), 206-210.","yes","LNJ, ND","Cannizzaro et al. (2005).1","G","free","between",NA,"SZ","HC",13,6,"pause_number","Number of pauses>200ms",27.67,26,6.13,10.31,NA,"_b_free_speech condition",9,4,4,2,NA,NA,NA,NA,NA,NA,NA,NA,90,90,NA,NA,NA,NA,NA,NA,NA,NA,"Voice patterns in schizophrenia: A systematic review and Bayesian meta-analysis","schizophrenia_parola_2020","Schizophrenia",0.219682784937341,0.244859757431792,0.209385154393403,0.222442177100512,0.101586769775624,0.0512848826574816,0.101938403794647,0.1,0.398460495652552,0.805556313199495,"between",NA,9.5,"Cannizzaro2005 G",""
"52","Matsumoto2013","Matsumoto et al. (2013)","Matsumoto, K., Kircher, T., Stokes, P., Brammer, M. J., LIddle, P., & McGuire, P. K. (2013). Frequency and neural correlates of pauses in patients with formal thought disorder. Frontiers in psychiatry, 4, 127.","yes","LNJ, ND","Matsumoto et al. (2013)","S","free","between",NA,"SZ","HC",6,6,"pause_number","Number of pauses  >250ms and > 3000ms_TOTAL",251.3,389.5,110.9,60.7,NA,NA,NA,6,NA,0,34.3,34,11.5,7.9,11.7,13.3,1.7,2.7,1260,1260,NA,NA,NA,NA,NA,NA,NA,NA,"Voice patterns in schizophrenia: A systematic review and Bayesian meta-analysis","schizophrenia_parola_2020","Schizophrenia",-1.54592996528265,0.432912477398284,-1.41710246817577,0.363766734480503,-0.611565253857059,0.0265483791621616,-0.71141800047572,0.333333333333333,-2.8040067881803,1.4242249640722,"between",34.15,6,"Matsumoto2013 S",""
"54","Salomè2002","Salomè et al. (2002)","Salomé, F., Boyer, P., & Fayol, M. (2002). Written but not oral verbal production is preserved in young schizophrenic patients. Psychiatry research, 111(2-3), 137-145.","yes","LNJ, ND","Salomè et al. (2002)","AL","free","between",NA,"SZ","HC",10,10,"pause_number","pause/sec-> frequency",0.21,0.19,0.09,0.06,NA,NA,9,9,1,1,24.2,21,3.1,1.6,12.9,13.2,0.8,1.1,52.9,34.2,NA,NA,NA,NA,NA,NA,NA,NA,"Voice patterns in schizophrenia: A systematic review and Bayesian meta-analysis","schizophrenia_parola_2020","Schizophrenia",0.261488180184245,0.201709401709402,0.249951936940823,0.184304113802384,0.129640744710433,0.0479272875734575,0.130374436297243,0.142857142857143,0.474287094972947,0.663597332950738,"between",22.6,10,"Salomè2002 AL",""
"55","Cockal2019","Cockal et al. (2019)","Çokal, D., Zimmerer, V., Turkington, D., Ferrier, N., Varley, R., Watson, S., & Hinzen, W. (2019). Disturbing the rhythm of thought: Speech pausing patterns in schizophrenia, with and without formal thought disorder. PloS one, 14(5), e0217404.","yes","LNJ, ND","Cockal et al. (2019)","AR","free","between",NA,"SZ","HC",30,15,"pause_number",NA,1.2,0.83,0.685,0.33,NA,NA,23,7,7,8,44,45,11,13,14,16,4,4,NA,NA,NA,NA,NA,NA,NA,NA,NA,NA,"Voice patterns in schizophrenia: A systematic review and Bayesian meta-analysis","schizophrenia_parola_2020","Schizophrenia",0.623714717163984,0.104322444982299,0.612576954357484,0.100629909461561,0.282081810675808,0.0180774567008844,0.289942415106691,0.037037037037037,1.13129335745556,0.343207087376568,"between",44.3333333333333,22.5,"Cockal2019 AR",""
"56","Rapcan2010","Rapcan et al. (2010)","Rapcan, V., D’Arcy, S., Yeap, S., Afzal, N., Thakore, J., & Reilly, R. B. (2010). Acoustic and temporal analysis of speech: A potential biomarker for schizophrenia. Medical engineering & physics, 32(9), 1074-1079.","yes","LNJ, ND","Rapcan et al. (2010)","F","constrained","between",NA,"SZ","HC",39,18,"pause_total_length","ms",42800,30560,12420,6100,NA,NA,27,8,12,10,42.3,40.5,13.5,12.9,NA,NA,NA,NA,222.15,194.58,42.8,30.64,NA,NA,NA,NA,NA,NA,"Voice patterns in schizophrenia: A systematic review and Bayesian meta-analysis","schizophrenia_parola_2020","Schizophrenia",1.12640909342063,0.0923263833522012,1.11076452267868,0.0897795714657497,0.463853127526112,0.00964399707394807,0.502209613707856,0.0277777777777778,2.04308009751398,0.303741626489849,"between",41.7315789473684,28.5,"Rapcan2010 F",""
"57","Cannizzaro2005","Cannizzaro et al. (2005)","Cannizzaro, M. S., Cohen, H., Rappard, F., & Snyder, P. J. (2005). Bradyphrenia and bradykinesia both contribute to altered speech in schizophrenia: a quantitative acoustic study. Cognitive and behavioral neurology, 18(4), 206-210.","yes","LNJ, ND","Cannizzaro et al. (2005)","G","constrained","between",NA,"SZ","HC",13,6,"pause_total_length","Pause total",7.66,7.7,5.92,6.36,NA,"_a_rote_speech_confition",9,4,4,2,NA,NA,NA,NA,NA,NA,NA,NA,NA,NA,NA,NA,NA,NA,NA,NA,NA,NA,"Voice patterns in schizophrenia: A systematic review and Bayesian meta-analysis","schizophrenia_parola_2020","Schizophrenia",-0.006608584942218,0.24359089288961,-0.00629880752305153,0.221289480576719,-0.00307185086830874,0.0526303373425628,-0.00307186053063257,0.1,-0.0119866471666828,0.801381916176195,"between",NA,9.5,"Cannizzaro2005 G",""
"58","Cannizzaro2005","Cannizzaro et al. (2005)","Cannizzaro, M. S., Cohen, H., Rappard, F., & Snyder, P. J. (2005). Bradyphrenia and bradykinesia both contribute to altered speech in schizophrenia: a quantitative acoustic study. Cognitive and behavioral neurology, 18(4), 206-210.","yes","LNJ, ND","Cannizzaro et al. (2005).1","G","free","between",NA,"SZ","HC",13,6,"pause_total_length",NA,30.34,13.84,10.3,5.85,NA,"_b_free_speech condition",9,4,4,2,NA,NA,NA,NA,NA,NA,NA,NA,90,90,NA,NA,NA,NA,NA,NA,NA,NA,"Voice patterns in schizophrenia: A systematic review and Bayesian meta-analysis","schizophrenia_parola_2020","Schizophrenia",1.79017654329092,0.327924797698928,1.70626201782416,0.297902385800223,0.639636945035785,0.0146158987702274,0.757559056025764,0.1,3.24702107608808,1.07882934219856,"between",NA,9.5,"Cannizzaro2005 G",""
"60","Alpert1997","Alpert et al. (1997)","Alpert, M., Kotsaftis, A., & Pouget, E. R. (1997). Speech fluency and schizophrenic negative signs. Schizophrenia Bulletin, 23(2), 171-177.","yes","LNJ, ND","Alpert et al. (1997)","O","social","between",NA,"SZ","HC",19,20,"response_latency",NA,3400,1500,1930,500,NA,NA,NA,NA,NA,NA,NA,NA,NA,NA,NA,NA,NA,NA,NA,NA,NA,NA,NA,NA,NA,NA,NA,NA,"Voice patterns in schizophrenia: A systematic review and Bayesian meta-analysis","schizophrenia_parola_2020","Schizophrenia",1.36394759615698,0.126482259012271,1.33553202123705,0.121267061700567,0.563298126922962,0.0100545950221845,0.637651151391207,0.0625,2.47392728275832,0.416109953402412,"between",NA,19.5,"Alpert1997 O",""
"61","Mandal1990","Mandal et al. (1990)","Mandal, M. K., Srivastava, P., & Singh, S. K. (1990). Paralinguistic characteristics of speech in schizophrenics and depressives. Journal of psychiatric research, 24(2), 191-196.","yes","LNJ, ND","Mandal et al. (1990)","X","free","between",NA,"SZ","HC",40,60,"response_latency",NA,6587.14285714286,8678.57142857143,821.428571428571,775.714285714286,NA,NA,22,33,18,27,27.38,26.1,6.25,7.01,15,20.1,NA,NA,120,120,NA,NA,NA,NA,NA,NA,NA,NA,"Voice patterns in schizophrenia: A systematic review and Bayesian meta-analysis","schizophrenia_parola_2020","Schizophrenia",-2.6333048389813,0.0763381385416784,-2.61294423455619,0.0751622156003579,-0.790352530163011,0.000968807175495258,-1.07237020931725,0.027027027027027,-4.77628664277918,0.251142409373973,"between",26.612,50,"Mandal1990 X",""
"62","Cannizzaro2005","Cannizzaro et al. (2005)","Cannizzaro, M. S., Cohen, H., Rappard, F., & Snyder, P. J. (2005). Bradyphrenia and bradykinesia both contribute to altered speech in schizophrenia: a quantitative acoustic study. Cognitive and behavioral neurology, 18(4), 206-210.","yes","LNJ, ND","Cannizzaro et al. (2005)","G","constrained","between",NA,"SZ","HC",13,6,"pause_variability","Pause SD",250,130,170,50,NA,"_a_rote_speech_confition",9,4,4,2,NA,NA,NA,NA,NA,NA,NA,NA,NA,NA,NA,NA,NA,NA,NA,NA,NA,NA,"Voice patterns in schizophrenia: A systematic review and Bayesian meta-analysis","schizophrenia_parola_2020","Schizophrenia",0.825424011171688,0.261519343542869,0.786732260648015,0.237576532549564,0.358219366605048,0.0374249127818652,0.37484163941625,0.1,1.49715354668687,0.860364154666899,"between",NA,9.5,"Cannizzaro2005 G",""
"63","Cannizzaro2005","Cannizzaro et al. (2005)","Cannizzaro, M. S., Cohen, H., Rappard, F., & Snyder, P. J. (2005). Bradyphrenia and bradykinesia both contribute to altered speech in schizophrenia: a quantitative acoustic study. Cognitive and behavioral neurology, 18(4), 206-210.","yes","LNJ, ND","Cannizzaro et al. (2005).1","G","free","between",NA,"SZ","HC",13,6,"pause_variability",NA,1050,290,100,140,NA,"_b_free_speech condition",9,4,4,2,NA,NA,NA,NA,NA,NA,NA,NA,90,90,NA,NA,NA,NA,NA,NA,NA,NA,"Voice patterns in schizophrenia: A systematic review and Bayesian meta-analysis","schizophrenia_parola_2020","Schizophrenia",6.71134873440968,1.42891084450717,6.39675426248422,1.29809014951445,0.952271851374109,0.000249768218260216,1.85561384180587,0.1,12.1730400676264,4.70092825323744,"between",NA,9.5,"Cannizzaro2005 G",""
"64","Pinheiro2016","Pinheiro et al. (2016)","Pinheiro, A.P., Rezaii, N., Rauber, A., Niznikiewicz, M., 2016. Is this my voice or yours? The role of emotion and acoustic quality in self-other voice discrimination in schizophrenia. Cogn. Neuropsychiatry 21, 335–353.","yes","LNJ, ND","Pinheiro et al. (2016)","A","constrained","between",NA,"SZ","HC",17,18,"pitch","hz",148.043333333333,137.246666666667,23.8966666666667,29.9833333333333,NA,NA,12,13,5,5,48.29,49.53,8.49,4.48,13.69,15.06,2.33,1.91,NA,NA,NA,NA,NA,NA,NA,NA,NA,NA,"Voice patterns in schizophrenia: A systematic review and Bayesian meta-analysis","schizophrenia_parola_2020","Schizophrenia",0.396894858947753,0.116629449668165,0.387592635691165,0.111226510685125,0.194575158161302,0.0259483091165014,0.197087996464682,0.0714285714285714,0.719887642827263,0.383695509913851,"between",48.9277142857143,17.5,"Pinheiro2016 A",""
"67","Martínez2015","Martínez et al. (2015)","Martínez-Sánchez, F., Muela-Martínez, J. A., Cortés-Soto, P., Meilán, J. J. G., Ferrándiz, J. A. V., Caparrós, A. E., & Valverde, I. M. P. (2015). Can the acoustic analysis of expressive prosody discriminate schizophrenia?. The Spanish journal of psychology, 18.","yes","LNJ, ND","Martínez et al. (2015)","D","constrained","between",NA,"SZ","HC",45,35,"pitch","hz",143.02,156.57,40.33,43.89,NA,NA,32,22,13,13,39.49,35.34,10.89,10.48,10.4,11.6571,NA,3.34262,124.12,83.85,43.15,15.65,NA,NA,NA,NA,NA,NA,"Voice patterns in schizophrenia: A systematic review and Bayesian meta-analysis","schizophrenia_parola_2020","Schizophrenia",-0.323242581439959,0.0514466868340006,-0.320094114737621,0.0504493595329409,-0.158330967762931,0.0117322157939061,-0.159674281746775,0.0238095238095238,-0.586297188709225,0.169252815599439,"between",37.674375,40,"Martínez2015 D",""
"68","Graux2015","Graux et al. (2011)","Graux, J., Courtine, J. B., Bruneau, N., Camus, V., & El-Hage, W. (2015). Higher fundamental voice frequency is related to extrapyramidal symptoms in schizophrenia. Schizophrenia research, 2(161), 517-518.","yes","LNJ, ND","Graux et al. (2011)","H","constrained","between",NA,"SZ","HC",26,26,"pitch","hz",123,112,19,14,NA,NA,26,26,0,0,30,29.3,6,8,12,NA,4,NA,NA,NA,NA,NA,NA,NA,NA,NA,NA,NA,"Voice patterns in schizophrenia: A systematic review and Bayesian meta-analysis","schizophrenia_parola_2020","Schizophrenia",0.659143669483178,0.081100676702113,0.649054735766598,0.0786370029799304,0.31301071627346,0.0148805569522014,0.323879671245348,0.0434782608695652,1.1955543686476,0.2668105319035,"between",29.65,26,"Graux2015 H",""
"69","Pinheiro2017","Pinheiro et al. (2017)","Pinheiro, A. P., Rezaii, N., Rauber, A., Nestor, P. G., Spencer, K. M., & Niznikiewicz, M. (2017). Emotional self–other voice processing in schizophrenia and its relationship with hallucinations: ERP evidence. Psychophysiology, 54(9), 1252-1265.","yes","LNJ, ND","Pinheiro et al. (2017)","V","constrained","between",NA,"SZ","HC",15,16,"pitch","hz",148.043333333333,136.383333333333,27.5933333333333,30.44,NA,NA,11,11,4,5,47.4,48.63,8.48,5.08,13.86,15.31,2.35,1.74,NA,NA,NA,NA,NA,NA,NA,NA,NA,NA,"Voice patterns in schizophrenia: A systematic review and Bayesian meta-analysis","schizophrenia_parola_2020","Schizophrenia",0.400679921700505,0.131756092467536,0.389947423797813,0.124792262006282,0.196338352198392,0.029244241897825,0.198921226570984,0.0833333333333333,0.726752987241793,0.433460170029311,"between",48.0348387096774,15.5,"Pinheiro2017 V",""
"72","Thanh2018","Thanh (2018)","Le, T. P. (2018). Vocal Expression In Schizophrenia: Examining The Role Of Vocal Accommodation In Clinical Ratings Of Speech.",NA,"LNJ, ND","Thanh (2018)","AS","social","between",NA,"SZ","HC",57,30,"pitch",NA,83.75,84.16,3.15,3.93,NA,NA,41,15,16,15,40.58,41.27,11.68,13.17,11.21,14.2,1.91,2.16,NA,NA,NA,NA,NA,NA,NA,NA,NA,NA,"Voice patterns in schizophrenia: A systematic review and Bayesian meta-analysis","schizophrenia_parola_2020","Schizophrenia",-0.119322183985502,0.0509590193249336,-0.118256807342774,0.0500530992588095,-0.0566242726922269,0.0114023537206827,-0.0566849076747525,0.0185185185185185,-0.216426501451942,0.167648453801521,"between",40.8179310344828,43.5,"Thanh2018 AS",""
"73","Zhang2016","Zhang et al. (2016)","Zhang, J., Zhongde, P. A. N., Chao, G. U. I., Jie, Z. H. U., & Donghong, C. U. I. (2016). Clinical investigation of speech signal features among patients with schizophrenia. Shanghai archives of psychiatry, 28(2), 95.",NA,"LNJ, ND","Zhang et al. (2016)","B","social","between",NA,"SZ","HC",26,30,"f1",NA,0.1365,0.04,0.0175,0.005,NA,NA,16,16,10,14,43.3,37,10.9,14.3,9.5,11.6,3,2.5,NA,NA,NA,NA,NA,NA,NA,NA,NA,NA,"Voice patterns in schizophrenia: A systematic review and Bayesian meta-analysis","schizophrenia_parola_2020","Schizophrenia",7.74586271900974,0.607494775917595,7.63625145411809,0.590423177884845,0.96808989015893,3.74266352742189e-05,2.06094793498198,0.0434782608695652,14.0494408751854,1.99857770467836,"between",39.925,28,"Zhang2016 B",""
"74","Zhang2016","Zhang et al. (2016)","Zhang, J., Zhongde, P. A. N., Chao, G. U. I., Jie, Z. H. U., & Donghong, C. U. I. (2016). Clinical investigation of speech signal features among patients with schizophrenia. Shanghai archives of psychiatry, 28(2), 95.",NA,"LNJ, ND","Zhang et al. (2016)","B","social","between",NA,"SZ","HC",26,30,"f2",NA,0.062,0.083,0.0305,0.009,NA,NA,16,16,10,14,43.3,37,10.9,14.3,9.5,11.6,3,2.5,NA,NA,NA,NA,NA,NA,NA,NA,NA,NA,"Voice patterns in schizophrenia: A systematic review and Bayesian meta-analysis","schizophrenia_parola_2020","Schizophrenia",-0.964387703879226,0.080098832896599,-0.950740708069614,0.0778479245228805,-0.433435676137204,0.0106715385116088,-0.464119396151791,0.0434782608695652,-1.74920580417144,0.263514597892798,"between",39.925,28,"Zhang2016 B",""
"75","Zhang2016","Zhang et al. (2016)","Zhang, J., Zhongde, P. A. N., Chao, G. U. I., Jie, Z. H. U., & Donghong, C. U. I. (2016). Clinical investigation of speech signal features among patients with schizophrenia. Shanghai archives of psychiatry, 28(2), 95.",NA,"LNJ, ND","Zhang et al. (2016)","B","social","between",NA,"SZ","HC",26,30,"f3",NA,0.1765,0.182,0.0145,0.012,NA,NA,16,16,10,14,43.3,37,10.9,14.3,9.5,11.6,3,2.5,NA,NA,NA,NA,NA,NA,NA,NA,NA,NA,"Voice patterns in schizophrenia: A systematic review and Bayesian meta-analysis","schizophrenia_parola_2020","Schizophrenia",-0.416151934528147,0.0733411435146175,-0.410262992058409,0.0712801372788805,-0.203213934202637,0.0160738523850976,-0.206082657834071,0.0434782608695652,-0.754816114271993,0.241282690937598,"between",39.925,28,"Zhang2016 B",""
"76","Zhang2016","Zhang et al. (2016)","Zhang, J., Zhongde, P. A. N., Chao, G. U. I., Jie, Z. H. U., & Donghong, C. U. I. (2016). Clinical investigation of speech signal features among patients with schizophrenia. Shanghai archives of psychiatry, 28(2), 95.",NA,"LNJ, ND","Zhang et al. (2016)","B","social","between",NA,"SZ","HC",26,30,"f4",NA,0.2645,0.257,0.021,0.019,NA,NA,16,16,10,14,43.3,37,10.9,14.3,9.5,11.6,3,2.5,NA,NA,NA,NA,NA,NA,NA,NA,NA,NA,"Voice patterns in schizophrenia: A systematic review and Bayesian meta-analysis","schizophrenia_parola_2020","Schizophrenia",0.375923539420535,0.0730566441831795,0.370603866692886,0.0710036328445502,0.184271123408917,0.0163820858256523,0.186400368960626,0.0434782608695652,0.681849876801644,0.240346725653043,"between",39.925,28,"Zhang2016 B",""
"77","Zhang2016","Zhang et al. (2016)","Zhang, J., Zhongde, P. A. N., Chao, G. U. I., Jie, Z. H. U., & Donghong, C. U. I. (2016). Clinical investigation of speech signal features among patients with schizophrenia. Shanghai archives of psychiatry, 28(2), 95.",NA,"LNJ, ND","Zhang et al. (2016)","B","social","between",NA,"SZ","HC",26,30,"f5",NA,0.359,0.357,0.017,0.013,NA,NA,16,16,10,14,43.3,37,10.9,14.3,9.5,11.6,3,2.5,NA,NA,NA,NA,NA,NA,NA,NA,NA,NA,"Voice patterns in schizophrenia: A systematic review and Bayesian meta-analysis","schizophrenia_parola_2020","Schizophrenia",0.133465215990039,0.0719539161152224,0.131576557273199,0.0699318932411229,0.0664151897336529,0.0176609183386385,0.0665131009626946,0.0434782608695652,0.242079123910115,0.236718895722138,"between",39.925,28,"Zhang2016 B",""
"78","Zhang2016","Zhang et al. (2016)","Zhang, J., Zhongde, P. A. N., Chao, G. U. I., Jie, Z. H. U., & Donghong, C. U. I. (2016). Clinical investigation of speech signal features among patients with schizophrenia. Shanghai archives of psychiatry, 28(2), 95.",NA,"LNJ, ND","Zhang et al. (2016)","B","social","between",NA,"SZ","HC",26,30,"f6",NA,0.426,0.426,0.0115,0.015,NA,NA,16,16,10,14,43.3,37,10.9,14.3,9.5,11.6,3,2.5,NA,NA,NA,NA,NA,NA,NA,NA,NA,NA,"Voice patterns in schizophrenia: A systematic review and Bayesian meta-analysis","schizophrenia_parola_2020","Schizophrenia",0,0.0717948717948718,0,0.0697773183266241,0,0.0178571428571429,0,0.0434782608695652,0,0.236195660880771,"between",39.925,28,"Zhang2016 B",""
"81","Martínez2015","Martínez et al. (2015)","Martínez-Sánchez, F., Muela-Martínez, J. A., Cortés-Soto, P., Meilán, J. J. G., Ferrándiz, J. A. V., Caparrós, A. E., & Valverde, I. M. P. (2015). Can the acoustic analysis of expressive prosody discriminate schizophrenia?. The Spanish journal of psychology, 18.","yes","LNJ, ND","Martínez et al. (2015)","D","constrained","between",NA,"SZ","HC",45,35,"pitch_variability","hz",27.5,29.67,10.36,8.32,NA,NA,32,22,13,13,39.49,35.34,10.89,10.48,10.4,11.6571,NA,3.34262,124.12,83.85,43.15,15.65,NA,NA,NA,NA,NA,NA,"Voice patterns in schizophrenia: A systematic review and Bayesian meta-analysis","schizophrenia_parola_2020","Schizophrenia",-0.227830130573957,0.0511180668461342,-0.22561100592551,0.0501271100560975,-0.112306580639199,0.0121098155058397,-0.112782351956375,0.0238095238095238,-0.413238145988442,0.168171699173262,"between",37.674375,40,"Martínez2015 D",""
"83","Rapcan2010","Rapcan et al. (2010)","Rapcan, V., D’Arcy, S., Yeap, S., Afzal, N., Thakore, J., & Reilly, R. B. (2010). Acoustic and temporal analysis of speech: A potential biomarker for schizophrenia. Medical engineering & physics, 32(9), 1074-1079.","yes","LNJ, ND","Rapcan et al. (2010)","F","constrained","between",NA,"SZ","HC",39,18,"pitch_variability","Relative variaton in local pitch - coefficient variation ok",0.22,0.24,0.05,0.08,NA,NA,27,8,12,10,42.3,40.5,13.5,12.9,NA,NA,NA,NA,222.15,194.58,42.8,30.64,NA,NA,NA,NA,NA,NA,"Voice patterns in schizophrenia: A systematic review and Bayesian meta-analysis","schizophrenia_parola_2020","Schizophrenia",-0.328555885015042,0.0821435019823533,-0.323992608834278,0.0798775836213432,-0.1509719756655,0.0165623111504529,-0.152134933102699,0.0277777777777778,-0.595934455355694,0.270241289561975,"between",41.7315789473684,28.5,"Rapcan2010 F",""
"84","Cohen2008","Cohen et al. (2008)","Cohen, A. S., Alpert, M., Nienow, T. M., Dinzeo, T. J., & Docherty, N. M. (2008). Computerized measurement of negative symptoms in schizophrenia. Journal of psychiatric research, 42(10), 827-836.","yes","LNJ, ND","Cohen et al. (2008)","K","free","between",NA,"SZ","HC",60,19,"pitch_variability","SD of F0 IN hz",17.6426666666667,21.56,7.27733333333333,6.78,NA,NA,44,13,16,6,41.5476666666667,38.32,8.215,10.97,12.0013333333333,14.21,1.89166666666667,1.44,NA,NA,NA,NA,NA,NA,NA,NA,NA,NA,"Voice patterns in schizophrenia: A systematic review and Bayesian meta-analysis","schizophrenia_parola_2020","Schizophrenia",-0.54679542306803,0.0711905572259854,-0.541399415603543,0.0697924133833049,-0.227563985602791,0.0110864631985519,-0.231618904496008,0.0175438596491228,-0.991777190726973,0.234207545637863,"between",40.7713924050633,39.5,"Cohen2008 K",""
"87","Alpert2000","Alpert et al. (2000)","Alpert, M., Rosenberg, S. D., Pouget, E. R., & Shaw, R. J. (2000). Prosody and lexical accuracy in flat affect schizophrenia. Psychiatry research, 97(2-3), 107-118.","yes","LNJ, ND","Alpert et al. (2000)","P","social","between",NA,"SZ","HC",46,20,"pitch_variability","semitones",0.524347826086957,0.84,0.249608695652174,0.502,NA,NA,46,20,0,0,40.9869565217391,41.1,9.40130434782609,13.58,12.7086956521739,13.1,2.29130434782609,1.89,300,300,NA,NA,NA,NA,NA,NA,NA,NA,"Voice patterns in schizophrenia: A systematic review and Bayesian meta-analysis","schizophrenia_parola_2020","Schizophrenia",-0.916488471209518,0.0781023964791762,-0.905577894171309,0.0762538845443658,-0.388163720616488,0.010106297118939,-0.409636179534677,0.0232558139534884,-1.66232620640781,0.256946585342168,"between",41.0212121212121,33,"Alpert2000 P",""
"88","Compton2018","Compton et al. (2018)","Compton, M. T., Lunden, A., Cleary, S. D., Pauselli, L., Alolayan, Y., Halpern, B., ... & Bernardini, F. (2018). The aprosody of schizophrenia: Computationally derived acoustic phonetic underpinnings of monotone speech. Schizophrenia research, 197, 392-399.","yes","LNJ, ND","Compton et al. (2018)","AK","free","between",NA,"SZ","HC",94,101,"pitch_variability",NA,37.352962962963,38.6925650557621,24.157037037037,24.7996282527881,NA,NA,71,56,23,45,32.74,33.65,9.69,9.3,12.4,14,2.6,2.5,NA,NA,NA,NA,NA,NA,NA,NA,NA,NA,"Voice patterns in schizophrenia: A systematic review and Bayesian meta-analysis","schizophrenia_parola_2020","Schizophrenia",-0.0546952938577698,0.0205469586769149,-0.0544816403661379,0.0203867490839598,-0.0273198197131037,0.00511864196186247,-0.0273266196797092,0.010989010989011,-0.0992062892258265,0.0675967845955602,"between",33.2113333333333,97.5,"Compton2018 AK",""
"89","Compton2018","Compton et al. (2018)","Compton, M. T., Lunden, A., Cleary, S. D., Pauselli, L., Alolayan, Y., Halpern, B., ... & Bernardini, F. (2018). The aprosody of schizophrenia: Computationally derived acoustic phonetic underpinnings of monotone speech. Schizophrenia research, 197, 392-399.","yes","LNJ, ND","Compton et al. (2018).1","AK","free","between",NA,"SZ","HC",62,68,"pitch_variability",NA,35.0944186046512,38.6206278026906,22.1958139534884,26.795067264574,NA,NA,71,56,23,45,32.74,33.65,9.69,9.3,12.4,14,2.6,2.5,NA,NA,NA,NA,NA,NA,NA,NA,NA,NA,"Voice patterns in schizophrenia: A systematic review and Bayesian meta-analysis","schizophrenia_parola_2020","Schizophrenia",-0.142702356337788,0.0309132375437148,-0.141859625886975,0.0305491986661675,-0.0710947851460812,0.00759549891962162,-0.0712149318404637,0.0169491525423729,-0.258833443200205,0.101700475104456,"between",33.216,65,"Compton2018 AK",""
"90","Kliper2015","Kliper et al. (2015)","Kliper, R., Portuguese, S., & Weinshall, D. (2015, September). Prosodic analysis of speech and the underlying mental state. In International Symposium on Pervasive Computing Paradigms for Mental Health (pp. 52-62). Springer, Cham.",NA,"LNJ, ND","Kliper et al. (2015)","AO","social","between",NA,"SZ","HC",22,20,"pitch_variability","sd of pitch for sentence",0.0924,0.0992,0.0044,0.0024,NA,NA,13,10,9,10,NA,NA,NA,NA,NA,NA,NA,NA,NA,NA,NA,NA,NA,NA,NA,NA,NA,NA,"Voice patterns in schizophrenia: A systematic review and Bayesian meta-analysis","schizophrenia_parola_2020","Schizophrenia",-1.893276557725,0.138127118359677,-1.85686739315336,0.132865619398491,-0.687053521742649,0.005070255389662,-0.842353314047736,0.0526315789473684,-3.43402381672115,0.454420005090818,"between",NA,21,"Kliper2015 AO",""
"91","Ross2001","Ross et al. (2001)","Ross, E. D., Orbelo, D. M., Cartwright, J., Hansel, S., Burgard, M., Testa, J. A., & Buck, R. (2001). Affective-prosodic deficits in schizophrenia: profiles of patients with brain damage and comparison with relation to schizophrenic symptoms. Journal of Neurology, Neurosurgery & Psychiatry, 70(5), 597-604.","yes","LNJ, ND","Ross et al. (2001)","AP","social","between",NA,"SZ","HC",45,19,"pitch_variability",NA,11.338,17.621,4.051,3.273,NA,"free spech",39,7,6,12,42.5,45.5,7.2,10.8,13.8,14.2,2.3,2.1,NA,NA,NA,NA,NA,NA,NA,NA,NA,NA,"Voice patterns in schizophrenia: A systematic review and Bayesian meta-analysis","schizophrenia_parola_2020","Schizophrenia",-1.63560337302829,0.0957537886216337,-1.61549349549105,0.0934136622704432,-0.598602615098505,0.00528089225335517,-0.690966619830737,0.0238095238095238,-2.96665635813805,0.315017337867019,"between",43.390625,32,"Ross2001 AP",""
"92","Ross2001","Ross et al. (2001)","Ross, E. D., Orbelo, D. M., Cartwright, J., Hansel, S., Burgard, M., Testa, J. A., & Buck, R. (2001). Affective-prosodic deficits in schizophrenia: profiles of patients with brain damage and comparison with relation to schizophrenic symptoms. Journal of Neurology, Neurosurgery & Psychiatry, 70(5), 597-604.","yes","LNJ, ND","Ross et al. (2001).1","AP","constrained","between",NA,"SZ","HC",45,19,"pitch_variability",NA,20.269,24.847,4.834,2.589,NA,"repetition",39,7,6,12,42.5,45.5,7.2,10.8,13.8,14.2,2.3,2.1,NA,NA,NA,NA,NA,NA,NA,NA,NA,NA,"Voice patterns in schizophrenia: A systematic review and Bayesian meta-analysis","schizophrenia_parola_2020","Schizophrenia",-1.06351761188387,0.0836902832851154,-1.05044157567218,0.081644976879246,-0.437039820533332,0.00924955080171494,-0.468565850062417,0.0238095238095238,-1.92900756828686,0.27532999607973,"between",43.390625,32,"Ross2001 AP",""
"93","Meaux2018","Meaux et al. (2018)","Meaux, L. T., Mitchell, K. R., & Cohen, A. S. (2018). Blunted vocal affect and expression is not associated with schizophrenia: A computerized acoustic analysis of speech under ambiguous conditions. Comprehensive Psychiatry, 83, 84-88.","yes","LNJ, ND","Meaux et al. (2018)","AQ","free","between",NA,"SZ","HC",36,25,"pitch_variability","standard deviation of the fundamental frequency averaged
across utterances",1.67,1.51,0.87,0.69,NA,"perceptual",23,15,13,10,39.75,31.29,9.99,12.42,15,14.36,2.19,2.14,NA,NA,NA,NA,NA,NA,NA,NA,NA,NA,"Voice patterns in schizophrenia: A systematic review and Bayesian meta-analysis","schizophrenia_parola_2020","Schizophrenia",0.199583139553266,0.0681042812990396,0.197002323093525,0.0663543515086752,0.0976861901592426,0.0160053312830445,0.097998707935332,0.0303030303030303,0.362003771633583,0.22405410481401,"between",36.2827868852459,30.5,"Meaux2018 AQ",""
"94","Meaux2018","Meaux et al. (2018)","Meaux, L. T., Mitchell, K. R., & Cohen, A. S. (2018). Blunted vocal affect and expression is not associated with schizophrenia: A computerized acoustic analysis of speech under ambiguous conditions. Comprehensive Psychiatry, 83, 84-88.","yes","LNJ, ND","Meaux et al. (2018).1","AQ","free","between",NA,"SZ","HC",36,25,"pitch_variability","standard deviation of the fundamental frequency averaged
across utterances",1.68,1.5,0.94,0.579,NA,"memory",23,15,13,10,39.75,31.29,9.99,12.42,15,14.36,2.19,2.14,NA,NA,NA,NA,NA,NA,NA,NA,NA,NA,"Voice patterns in schizophrenia: A systematic review and Bayesian meta-analysis","schizophrenia_parola_2020","Schizophrenia",0.221474315198469,0.0681798341080452,0.218610423191593,0.0664279629990339,0.108281365516566,0.0159174098883948,0.108707562219737,0.0303030303030303,0.401709972101192,0.224302663592769,"between",36.2827868852459,30.5,"Meaux2018 AQ",""
"95","Thanh2018","Thanh (2018)","Le, T. P. (2018). Vocal Expression In Schizophrenia: Examining The Role Of Vocal Accommodation In Clinical Ratings Of Speech.",NA,"LNJ, ND","Thanh (2018)","AS","social","between",NA,"SZ","HC",57,30,"pitch_variability",NA,2.23,2.61,0.79,1.02,NA,NA,41,15,16,15,40.58,41.27,11.68,13.17,11.21,14.2,1.91,2.16,NA,NA,NA,NA,NA,NA,NA,NA,NA,NA,"Voice patterns in schizophrenia: A systematic review and Bayesian meta-analysis","schizophrenia_parola_2020","Schizophrenia",-0.43414205944197,0.0519604075099074,-0.430265791054095,0.0510366853419618,-0.202095037703768,0.0103585761915305,-0.204915841394147,0.0185185185185185,-0.787446591403179,0.170942888880726,"between",40.8179310344828,43.5,"Thanh2018 AS",""
"100","Zhang2016","Zhang et al. (2016)","Zhang, J., Zhongde, P. A. N., Chao, G. U. I., Jie, Z. H. U., & Donghong, C. U. I. (2016). Clinical investigation of speech signal features among patients with schizophrenia. Shanghai archives of psychiatry, 28(2), 95.",NA,"LNJ, ND","Zhang et al. (2016)","B","social","between",NA,"SZ","HC",26,30,"pitch_bandwidth","Hz",20.045,18.1,11.73,9.81,NA,NA,16,16,10,14,43.3,37,10.9,14.3,9.5,11.6,3,2.5,NA,NA,NA,NA,NA,NA,NA,NA,NA,NA,"Voice patterns in schizophrenia: A systematic review and Bayesian meta-analysis","schizophrenia_parola_2020","Schizophrenia",0.181071096487354,0.0720876105625783,0.178508769650269,0.070061830655571,0.0899383220018196,0.0174983632432588,0.09018200653435,0.0434782608695652,0.328426639689956,0.237158732824146,"between",39.925,28,"Zhang2016 B",""
"101","Martínez2015","Martínez et al. (2015)","Martínez-Sánchez, F., Muela-Martínez, J. A., Cortés-Soto, P., Meilán, J. J. G., Ferrándiz, J. A. V., Caparrós, A. E., & Valverde, I. M. P. (2015). Can the acoustic analysis of expressive prosody discriminate schizophrenia?. The Spanish journal of psychology, 18.","yes","LNJ, ND","Martínez et al. (2015)","D","constrained","between",NA,"SZ","HC",45,35,"pitch_range","Semitones/s",11.27,11,3.84,2.9,NA,NA,32,22,13,13,39.49,35.34,10.89,10.48,10.4,11.6571,NA,3.34262,124.12,83.85,43.15,15.65,NA,NA,NA,NA,NA,NA,"Voice patterns in schizophrenia: A systematic review and Bayesian meta-analysis","schizophrenia_parola_2020","Schizophrenia",0.0779945335129883,0.0508316704640127,0.0772348464982514,0.0498462656530906,0.0386624726062155,0.0124533437516881,0.0386817539531549,0.0238095238095238,0.141466435299603,0.167229492842115,"between",37.674375,40,"Martínez2015 D",""
"102","Pinheiro2016","Pinheiro et al. (2016)","Pinheiro, A.P., Rezaii, N., Rauber, A., Niznikiewicz, M., 2016. Is this my voice or yours? The role of emotion and acoustic quality in self-other voice discrimination in schizophrenia. Cogn. Neuropsychiatry 21, 335–353.","yes","LNJ, ND","Pinheiro et al. (2016)","A","constrained","between",NA,"SZ","HC",17,18,"intensity","db",74.5266666666667,73.9566666666667,2.38666666666667,8.29666666666667,NA,NA,12,13,5,5,48.29,49.53,8.49,4.48,13.69,15.06,2.33,1.91,NA,NA,NA,NA,NA,NA,NA,NA,NA,NA,"Voice patterns in schizophrenia: A systematic review and Bayesian meta-analysis","schizophrenia_parola_2020","Schizophrenia",0.0921972026084513,0.114500518169732,0.0900363306723157,0.109196203393681,0.0460309378111172,0.0284203387480427,0.0460634900468586,0.0714285714285714,0.167227227475382,0.376691606018333,"between",48.9277142857143,17.5,"Pinheiro2016 A",""
"103","Martínez2015","Martínez et al. (2015)","Martínez-Sánchez, F., Muela-Martínez, J. A., Cortés-Soto, P., Meilán, J. J. G., Ferrándiz, J. A. V., Caparrós, A. E., & Valverde, I. M. P. (2015). Can the acoustic analysis of expressive prosody discriminate schizophrenia?. The Spanish journal of psychology, 18.","yes","LNJ, ND","Martínez et al. (2015)","D","constrained","between",NA,"SZ","HC",45,35,"intensity","db",71.08,73.79,1.5,1.4,NA,NA,32,22,13,13,39.49,35.34,10.89,10.48,10.4,11.6571,NA,3.34262,124.12,83.85,43.15,15.65,NA,NA,NA,NA,NA,NA,"Voice patterns in schizophrenia: A systematic review and Bayesian meta-analysis","schizophrenia_parola_2020","Schizophrenia",-1.85966184772322,0.0724082894678842,-1.84154825829735,0.0710046079413679,-0.678066208323748,0.00280941464582883,-0.825525717223613,0.0238095238095238,-3.37305347709101,0.238213724135861,"between",37.674375,40,"Martínez2015 D",""
"105","Pinheiro2017","Pinheiro et al. (2017)","Pinheiro, A. P., Rezaii, N., Rauber, A., Nestor, P. G., Spencer, K. M., & Niznikiewicz, M. (2017). Emotional self–other voice processing in schizophrenia and its relationship with hallucinations: ERP evidence. Psychophysiology, 54(9), 1252-1265.","yes","LNJ, ND","Pinheiro et al. (2017)","V","constrained","between",NA,"SZ","HC",15,16,"intensity","db",74.5266666666667,74.5933333333333,2.75666666666667,9.14,NA,NA,11,11,4,5,47.4,48.63,8.48,5.08,13.86,15.31,2.35,1.74,NA,NA,NA,NA,NA,NA,NA,NA,NA,NA,"Voice patterns in schizophrenia: A systematic review and Bayesian meta-analysis","schizophrenia_parola_2020","Schizophrenia",-0.00973690328795357,0.129168195816435,-0.00947609337845481,0.122341145925946,-0.00486586036680823,0.0322561551493027,-0.00486589876969222,0.0833333333333333,-0.0176607889933002,0.424946331303553,"between",48.0348387096774,15.5,"Pinheiro2017 V",""
"110","Alpert2000","Alpert et al. (2000)","Alpert, M., Rosenberg, S. D., Pouget, E. R., & Shaw, R. J. (2000). Prosody and lexical accuracy in flat affect schizophrenia. Psychiatry research, 97(2-3), 107-118.","yes","LNJ, ND","Alpert et al. (2000)","P","social","between",NA,"SZ","HC",46,20,"intensity_variability","variance of voice level_db",16.9782608695652,14.8,5.61826086956522,7.6,NA,NA,46,20,0,0,40.9869565217391,41.1,9.40130434782609,13.58,12.7086956521739,13.1,2.29130434782609,1.89,300,300,NA,NA,NA,NA,NA,NA,NA,NA,"Voice patterns in schizophrenia: A systematic review and Bayesian meta-analysis","schizophrenia_parola_2020","Schizophrenia",0.347283554848183,0.0726528112489341,0.343149226814276,0.0709332790099074,0.157605811238303,0.014229202548711,0.158930566507145,0.0232558139534884,0.629902690992633,0.239018168551331,"between",41.0212121212121,33,"Alpert2000 P",""
"112","Kliper2015","Kliper et al. (2015)","Kliper, R., Portuguese, S., & Weinshall, D. (2015, September). Prosodic analysis of speech and the underlying mental state. In International Symposium on Pervasive Computing Paradigms for Mental Health (pp. 52-62). Springer, Cham.",NA,"LNJ, ND","Kliper et al. (2015)","AO","social","between",NA,"SZ","HC",22,20,"intensity_variability",NA,0.77,0.74,0.01,0.01,NA,NA,13,10,9,10,NA,NA,NA,NA,NA,NA,NA,NA,NA,NA,NA,NA,NA,NA,NA,NA,NA,NA,"Voice patterns in schizophrenia: A systematic review and Bayesian meta-analysis","schizophrenia_parola_2020","Schizophrenia",3,0.202597402597403,2.94230769230769,0.19488011988012,0.831759520156559,0.00147905674391744,1.19381894340048,0.0526315789473684,5.44139809270266,0.666518738774866,"between",NA,21,"Kliper2015 AO",""
"113","Meaux2018","Meaux et al. (2018)","Meaux, L. T., Mitchell, K. R., & Cohen, A. S. (2018). Blunted vocal affect and expression is not associated with schizophrenia: A computerized acoustic analysis of speech under ambiguous conditions. Comprehensive Psychiatry, 83, 84-88.","yes","LNJ, ND","Meaux et al. (2018)","AQ","free","between",NA,"SZ","HC",36,25,"intensity_variability",NA,1.01,0.99,0.32,0.4,NA,"perceptual",23,15,13,10,39.75,31.29,9.99,12.42,15,14.36,2.19,2.14,NA,NA,NA,NA,NA,NA,NA,NA,NA,NA,"Voice patterns in schizophrenia: A systematic review and Bayesian meta-analysis","schizophrenia_parola_2020","Schizophrenia",0.056381551152348,0.0678038341655675,0.0556524793702056,0.0660616243214277,0.0277179779036632,0.016361974828742,0.0277250796251977,0.0303030303030303,0.102264821634668,0.223065673363739,"between",36.2827868852459,30.5,"Meaux2018 AQ",""
"114","Meaux2018","Meaux et al. (2018)","Meaux, L. T., Mitchell, K. R., & Cohen, A. S. (2018). Blunted vocal affect and expression is not associated with schizophrenia: A computerized acoustic analysis of speech under ambiguous conditions. Comprehensive Psychiatry, 83, 84-88.","yes","LNJ, ND","Meaux et al. (2018).1","AQ","free","between",NA,"SZ","HC",36,25,"intensity_variability",NA,1,0.98,0.23,0.35,NA,"memory",23,15,13,10,39.75,31.29,9.99,12.42,15,14.36,2.19,2.14,NA,NA,NA,NA,NA,NA,NA,NA,NA,NA,"Voice patterns in schizophrenia: A systematic review and Bayesian meta-analysis","schizophrenia_parola_2020","Schizophrenia",0.0701811136216326,0.0678181498163776,0.0692735992213528,0.0660755721336329,0.034494760988052,0.0163447231063616,0.0345084524043505,0.0303030303030303,0.127294459268167,0.223112769967152,"between",36.2827868852459,30.5,"Meaux2018 AQ",""
"115","Zhang2016","Zhang et al. (2016)","Zhang, J., Zhongde, P. A. N., Chao, G. U. I., Jie, Z. H. U., & Donghong, C. U. I. (2016). Clinical investigation of speech signal features among patients with schizophrenia. Shanghai archives of psychiatry, 28(2), 95.",NA,"LNJ, ND","Zhang et al. (2016)","B","social","between",NA,"SZ","HC",26,30,"intensity_variability_entropy","db_formant_amplitude (MEAN between (t1_t2)",0.0425,0.041,0.0045,0.009,NA,NA,16,16,10,14,43.3,37,10.9,14.3,9.5,11.6,3,2.5,NA,NA,NA,NA,NA,NA,NA,NA,NA,NA,"Voice patterns in schizophrenia: A systematic review and Bayesian meta-analysis","schizophrenia_parola_2020","Schizophrenia",0.206284249251759,0.0721748110045982,0.203365132517064,0.0701465806223713,0.102338519461925,0.0173934976586749,0.102698051100971,0.0434782608695652,0.374158240144373,0.237445610779592,"between",39.925,28,"Zhang2016 B",""
